redirect_url,landing_page,landing_page_domain,0
https://madison.com/news/national/griners-moscow-trial-resumes-uks-boris-johnson-to-resign-nadal-weighs-wimbledon-exit/article_90620ee1-4f1a-50de-836b-fe91ff69caaf.html?utm_campaign=snd-autopilot&utm_medium=social&utm_source=twitter_WiStateJournal,https://madison.com/news/national/griners-moscow-trial-resumes-uks-boris-johnson-to-resign-nadal-weighs-wimbledon-exit/article_90620ee1-4f1a-50de-836b-fe91ff69caaf.html?utm_campaign=snd-autopilot&utm_medium=social&utm_source=twitter_WiStateJournal,madison.com,
https://www.gazettetimes.com/news/national/griners-moscow-trial-resumes-uks-boris-johnson-to-resign-nadal-weighs-wimbledon-exit/article_cf2f734c-a3b6-518f-bd7d-7de64db428ce.html?utm_campaign=snd-autopilot&utm_medium=social&utm_source=twitter_gtnews,https://www.gazettetimes.com/news/national/griners-moscow-trial-resumes-uks-boris-johnson-to-resign-nadal-weighs-wimbledon-exit/article_cf2f734c-a3b6-518f-bd7d-7de64db428ce.html?utm_campaign=snd-autopilot&utm_medium=social&utm_source=twitter_gtnews,gazettetimes.com,
https://herald-review.com/news/national/griners-moscow-trial-resumes-uks-boris-johnson-to-resign-nadal-weighs-wimbledon-exit/article_ccb6f7e1-3984-511a-a1a2-cbe22d0282b8.html?utm_campaign=snd-autopilot&utm_medium=social&utm_source=twitter_heraldandreview,https://herald-review.com/news/national/griners-moscow-trial-resumes-uks-boris-johnson-to-resign-nadal-weighs-wimbledon-exit/article_ccb6f7e1-3984-511a-a1a2-cbe22d0282b8.html?utm_campaign=snd-autopilot&utm_medium=social&utm_source=twitter_heraldandreview,herald-review.com,
https://wcfcourier.com/news/national/griners-moscow-trial-resumes-uks-boris-johnson-to-resign-nadal-weighs-wimbledon-exit/article_7cf898d7-799d-5b8e-af1c-b20704de6ed2.html?utm_campaign=snd-autopilot&utm_medium=social&utm_source=twitter_wcfcourier,https://wcfcourier.com/news/national/griners-moscow-trial-resumes-uks-boris-johnson-to-resign-nadal-weighs-wimbledon-exit/article_7cf898d7-799d-5b8e-af1c-b20704de6ed2.html?utm_campaign=snd-autopilot&utm_medium=social&utm_source=twitter_wcfcourier,wcfcourier.com,
,,,https://pantagraph.com/news/national/griners-moscow-trial-resumes-uks-boris-johnson-to-resign-nadal-weighs-wimbledon-exit/article_65ef1ebc-950b-5ae3-8e3c-0356df8f5947.html?utm_campaign=snd-autopilot&utm_medium=social&utm_source=twitter_Pantagraph
,,,https://dailyjournalonline.com/news/national/griners-moscow-trial-resumes-uks-boris-johnson-to-resign-nadal-weighs-wimbledon-exit/article_637278d7-d8b5-53d6-9f47-e3686bfb4c9b.html?utm_campaign=blox&utm_source=twitter&utm_medium=social
,,,['https://journaltimes.com/news/national/griners-moscow-trial-resumes-uks-boris-johnson-to-resign-nadal-weighs-wimbledon-exit/article_eaedc476-1b82-55f3-8409-942292c02103.html?utm_campaign=snd-autopilot&utm_medium=social&utm_source=twitter_Journaltimes']
,,,['https://hubs.li/Q01fRNk70']
,,,['http://www.theclickinggeneration.org']
,,,['https://bit.ly/3y2WPhd']
,,,
