url,redirect_url
https://t.co/dIIcHO4Dwq,
https://t.co/FhvZOeXuUX,
https://t.co/bmnhlIFWPY,
https://t.co/HvFZZC9SoC,
https://t.co/ZJ3x9sQLQe,
https://t.co/LKQjbkAH2Z,
https://t.co/fFnMTQW0i3,
https://t.co/4voLeUnGfj,
https://t.co/GoKkQBe2zU,
https://t.co/pxLge7U9sv,
https://t.co/h2OufU2AsH,
https://t.co/6ePxtxIzDR,
https://t.co/JhS7B1mqbm,
https://t.co/HQ4gsRBCMY,
https://t.co/4VXERKrL4P,
https://t.co/Z0TNnAcghK,
https://t.co/Zzzl5DqT6z,
https://t.co/Jgpv2SKDtm,
https://t.co/5NCivg7Bjo,
https://t.co/ljcT7IUOvD,
https://t.co/NXSaO6lHyV,
https://t.co/uQAHiPpOli,
https://t.co/8fz41aKZbO,
https://t.co/Ta87tP7GlX,
https://t.co/2cmdvTWQfq,
https://t.co/5aKfkJldPb,
https://t.co/qvIIy9PQlJ,
https://t.co/lmFeUCLgTz,
https://t.co/f1X9iWSxgd,
https://t.co/8zOU1TnzEi,
https://t.co/Dg7ZON0DBB,
https://t.co/esXkKadr5B,
https://t.co/BQ0fdxINDj,
https://t.co/zdYOwFcxeY,
https://t.co/sIDZacTN0P,
https://t.co/yEzn0jD76B,
https://t.co/zx1ma4qN2b,
https://t.co/glBCbD3MlA,
https://t.co/EnVOtVS7W3,
https://t.co/giwf12BtDM,
https://t.co/2qqr8BlXx9,
https://t.co/LXGPfmBYO1,
https://t.co/vbDWnoVFdH,
https://t.co/G0kORglu7R,
https://t.co/XcVLouhkBH,
https://t.co/jtANy7AWnc,
https://t.co/FdwuHNsi7B,
https://t.co/I55RFIZhwu,
https://t.co/o4q29Wv7H1,
https://t.co/gSbFFyEIt1,
https://t.co/vWXjRCPUGF,
https://t.co/1ONvQuLF2G,
https://t.co/pm0Ovcm5VR,
https://t.co/HXYLUkB1td,
https://t.co/K6x6HlC725,
https://t.co/Wv2kJCJaSh,
https://t.co/EDdHEhoyHl,
https://t.co/XaHVRBRLEs,
https://t.co/faMZCqF9mV,
https://t.co/FjSRngrKnX,
https://t.co/RQiDplT4DW,
https://t.co/wmPZWNokHa,
https://t.co/JdlVNjufuR,
https://t.co/lTLAvWb0aM,
https://t.co/hMYtS2AHMS,
https://t.co/ltgjlszajq,
https://t.co/VicG3IWMo4,
https://t.co/0vAlFauJCX,
https://t.co/yKEkEaHFXE,
https://t.co/rzUaAdgGNa,
https://t.co/hVcfcVM8ER,
https://t.co/efvg5zEZ1w,
https://t.co/CEwNlD4LQ5,
https://t.co/M07molCQ5z,
https://t.co/5F9s2LBTJp,
https://t.co/6HCFvKUWWD,
https://t.co/Jf4ssmCt1I,
https://t.co/Dj3nuI1Y7V,
https://t.co/w8mEHaaVMa,
https://t.co/ENCFY1fHAV,
https://t.co/N13vc2CMak,
https://t.co/TnGcJVFgP2,
https://t.co/1zSDcWbysn,
https://t.co/am9WPVnFjn,
https://t.co/IOtj0BJsn2,
https://t.co/iCtM3NjrHZ,
https://t.co/ffdls6Jbn2,
https://t.co/jBhQdeeXjE,
https://t.co/Hs6EXerg3f,
https://t.co/bYWHWhC2F8,
https://t.co/zvMabTQ8KU,
https://t.co/NW97mTSuLK,
https://t.co/i2sv8iaWJ5,
https://t.co/SGLgHxTOJR,
https://t.co/3Vr04YApab,
https://t.co/aM9BdK8lvy,
https://t.co/YSBApmjt26,
https://t.co/QEzct9ig8j,
https://t.co/gOJEAsn7ps,
https://t.co/kf3y3XRU4W,
https://t.co/c4ZqlNNoBh,
https://t.co/GiH6dH74Nh,
https://t.co/Tc1KXyKg6h,
https://t.co/3oGgShOo8b,
https://t.co/FqmvIEEvQJ,
https://t.co/lN1dSMQgeP,
https://t.co/iikyIcFT2F,
https://t.co/lraGjTzdhn,
https://t.co/suq13Tfab3,
https://t.co/ZDQpVD3tjA,
https://t.co/o3ZTIc0i4u,
https://t.co/T4Sin1B4b7,
https://t.co/1rtFHD87AQ,
https://t.co/yMi0OonXlU,
https://t.co/gfAO5nxufV,
https://t.co/Jw2VGbw9BY,
https://t.co/vUkGVFS6ej,
https://t.co/B4mf5WpxAs,
https://t.co/L35NJAmecp,
https://t.co/MopHz2UaYB,
https://t.co/VitUZhHeKH,
https://t.co/aM3ux95fvk,
https://t.co/8vEOjED6iT,
https://t.co/Z8xpMeevKl,
https://t.co/uynEWRupDB,
https://t.co/JKtMBkzedg,
https://t.co/SRxW8VEMnM,
https://t.co/8rzjdtOHOY,
https://t.co/H2PwJmPUNV,
https://t.co/y30NAecGlQ,
https://t.co/5UD3l1Ds4P,
https://t.co/2mmbvUXmBe,
https://t.co/brdcboJfaK,
https://t.co/J0pYlwcLgw,
https://t.co/fTAkI6XRGr,
https://t.co/OOpeJeq1qa,
https://t.co/b34Enhu2tC,
https://t.co/lw7gBzlrYx,
https://t.co/n1sTEyr47s,
https://t.co/JaQ088KgfT,
https://t.co/eMmO4S5jL2,
https://t.co/up0XO20RbZ,
https://t.co/9cJTLrL98N,
https://t.co/WnUktgqhLI,
https://t.co/pmxdYe8PSf,
https://t.co/uKD2O8mlwE,
https://t.co/t9qPJVJV4k,
https://t.co/L3tXNnowyk,
https://t.co/ga01B5si6J,
https://t.co/7WA3ABVylf,
https://t.co/jqYyWuGQxE,
https://t.co/NqHzHIejy9,
https://t.co/Rl3dxtVLnW,
https://t.co/gRfRX5oXMk,
https://t.co/J8LnNG0WhT,
https://t.co/E63y8Bf9WM,
https://t.co/JaECMFqRkX,
https://t.co/S5aEfLuT1z,
https://t.co/eTFdUEOyYY,
https://t.co/qd38wCDoaS,
https://t.co/2EVskvxQiF,
https://t.co/EMb7rMf76n,
https://t.co/DxbJxJk5Iy,
https://t.co/A3UeGq6ykx,
https://t.co/obYBjzYMhP,
https://t.co/ZuQM6Fj7nn,
https://t.co/28Q6CQqfhB,
https://t.co/YUoVogHjJ3,
https://t.co/4JBaT1W7gH,
https://t.co/t7cAA9SXTS,
https://t.co/4dDborPuTb,
https://t.co/TBKRLnaxfZ,
https://t.co/pCODn9Hy6P,
https://t.co/PyZgqJppjY,
https://t.co/iNDA9glpbw,
https://t.co/6BbrBBmfeh,
https://t.co/UHfdK2GSU0,
https://t.co/XrlxKFHiyj,
https://t.co/UkldKI4EYJ,
https://t.co/Kb3E0GFt1o,
https://t.co/TyfgPo27bd,
https://t.co/CJN7NBnbIb,
https://t.co/MtySX8gPZu,
https://t.co/kjtnIkmETn,
https://t.co/eX2LYT935S,
https://t.co/PFkeQqmafZ,
https://t.co/bsUwCI4rRH,
https://t.co/U7uOStNehZ,
https://t.co/P3tbLyfz15,
https://t.co/CgYokLvvpO,
https://t.co/cPslEAmpgt,
https://t.co/HIGUeZZjGc,
https://t.co/HcfBQkkhXg,
https://t.co/XuXPTxKBwr,
https://t.co/vFwMON934p,
https://t.co/bTWrOe2STN,
https://t.co/46QRBTmJox,
https://t.co/HfzOjdfjam,
https://t.co/rkaZg6NZlN,
https://t.co/7DFIIApkWT,
https://t.co/FWKNubvXo3,
https://t.co/KbfUFjsxzd,
https://t.co/A4FUFB4Yte,
https://t.co/pet7woyBwd,
https://t.co/zCeB3zeCXL,
https://t.co/9W6927lh4P,
https://t.co/zKjq7SPyRZ,
https://t.co/1HlcRoqOzE,
https://t.co/dnxXLQ7sac,
https://t.co/BSbdCTTtY2,
https://t.co/t9ACOlnmke,
https://t.co/0l8lRYYlxj,
https://t.co/YQzIce6pXV,
https://t.co/FzmwGSe1GQ,
https://t.co/h4wFZkqlZe,
https://t.co/TCbMKw0fdF,
https://t.co/pj6W3DMb0H,
https://t.co/ZPW0FrtDM0,
https://t.co/zNURfvaeim,
https://t.co/qp2GD1wF9g,
https://t.co/COl3zFKuXG,
https://t.co/QDDKTqoX7H,
https://t.co/9fpBPhLwBT,
https://t.co/JDXtoYaEPm,
https://t.co/NPmiQ7mQbQ,
https://t.co/jsinFHb53G,
https://t.co/FcBAzXOdGN,
https://t.co/DBhLVijqyp,
https://t.co/llVR5Th3zz,
https://t.co/7k7YstlryS,
https://t.co/GwO3jvnabi,
https://t.co/OLMrkmQRSV,
https://t.co/HyJWcqLUfb,
https://t.co/cn3q4lLs54,
https://t.co/ZfLwvtUewt,
https://t.co/kp5IGQW18F,
https://t.co/tpfAq3zEaB,
https://t.co/GGv4S8LbTa,
https://t.co/UVt1YmLDQY,
https://t.co/HffM3x5XFX,
https://t.co/UhBZOjPMtd,
https://t.co/CD2qJJrtnI,
https://t.co/yLxdQGIbtc,
https://t.co/KF8zEo2G5w,
https://t.co/TMZuMTDoxO,
https://t.co/1GZ7XORZ3c,
https://t.co/HcL6b0hjGP,
https://t.co/q0Lid9RXmf,
https://t.co/NoF2VMxWFd,
https://t.co/fXLceNJNNP,
https://t.co/849rA9cegt,
https://t.co/2Avn84fBGk,
https://t.co/XIAjXHKHUC,
https://t.co/JkLywnnieP,
https://t.co/kbnGxbh8tX,
https://t.co/c46KsSfwJq,
https://t.co/00ChB4r1Gt,
https://t.co/RKfh6ZUQoD,
https://t.co/ZTaBJ9HB7d,
https://t.co/21oVzBuLKu,
https://t.co/6IoMsjlI7I,
https://t.co/kzWAHGjSjo,
https://t.co/zietkF5I4C,
https://t.co/KGE0YwpKjn,
https://t.co/yNn8yiPG5S,
https://t.co/299CZZGGKY,
https://t.co/UMs1eAMkzg,
https://t.co/XQRIVL9y4K,
https://t.co/KaqcSaXM2m,
https://t.co/46nhHnW9Ge,
https://t.co/BdHQeQ8FKb,
https://t.co/CB6zqSruIY,
https://t.co/MyBvbhCcVM,
https://t.co/f3IluWZ66k,
https://t.co/RxKdtYsQZ4,
https://t.co/w3PO2pw0Ar,
https://t.co/AmmULgg3uX,
https://t.co/ggiho6yPHp,
https://t.co/PGJGiLL8GJ,
https://t.co/9rCQI0tRIB,
https://t.co/2QAbr6VsKP,
https://t.co/8PhAXPBYL8,
https://t.co/K7yt6lay2U,
https://t.co/VnqJ9RjRo5,
https://t.co/fAcjv5Q5Rd,
https://t.co/SNqcAweeWw,
https://t.co/hmCnH7dPYg,
https://t.co/1GAaQJyxZv,
https://t.co/G8bNGe6vfz,
https://t.co/5TcEjRcwCv,
https://t.co/lTpdUWKwmT,
https://t.co/hQsgnBSQSc,
https://t.co/jjqqO5RGK9,
https://t.co/6sy0nY4FHc,
https://t.co/71ABa7DOah,
https://t.co/fbIBtxb6uI,
https://t.co/iKIaJBlWOg,
https://t.co/8ma4LlJnn0,
https://t.co/UR6hvAonMQ,
https://t.co/Dmq4bpdBQT,
https://t.co/AP8ZCXMm4w,
https://t.co/ghB2SnYT8b,
https://t.co/zNZOiC68hL,
https://t.co/kqOVmWPjyD,
https://t.co/8RFeVuBw07,
https://t.co/zvg98oCBFx,
https://t.co/g7ke25KIou,
https://t.co/XvxKfEdoJq,
https://t.co/KBSHXmxVyG,
https://t.co/0YgW6pVTe6,
https://t.co/mO6f4NL9g9,
https://t.co/YWLsaIaMQu,
https://t.co/YNBMOBBLLS,
https://t.co/Chk1ThFnEk,
https://t.co/yDqcftWxpb,
https://t.co/4mhdzYKcMC,
https://t.co/uXrEoMhwlG,
https://t.co/YSvKxzh2FM,
https://t.co/Ad5II26i7j,
https://t.co/VW7WkilyRt,
https://t.co/Ok7TrmQ07m,
https://t.co/KVgqIVmLCW,
https://t.co/c0mw65Kcgp,
https://t.co/iWTsTb18m5,
https://t.co/PmoJHUVaW0,
https://t.co/CqOJU2cwNE,
https://t.co/iBhzEwlOWJ,
https://t.co/cTW3jSUe3o,
https://t.co/vX6Sxd0J9O,
https://t.co/JTFwJOf0fv,
https://t.co/o1GVonnssZ,
https://t.co/aaES7XmJ74,
https://t.co/lPlyMZogJo,
https://t.co/pmPxNokI3m,
https://t.co/4vttGPwVLT,
https://t.co/gYxZppOkeD,
https://t.co/EcyJdP0MIh,
https://t.co/KtWhTabsoK,
https://t.co/RBFt5P6flw,
https://t.co/NVKuWZCagn,
https://t.co/o3zEf6qGhk,
https://t.co/sBd5ODxAmt,
https://t.co/SaTLBo78ll,
https://t.co/g9Myxy3HaO,
https://t.co/Dy3Dob3n7j,
https://t.co/EpD3YOjgbA,
https://t.co/EILNk0Wocv,
https://t.co/l5gO1qLK7P,
https://t.co/X0Mm7zw9LR,
https://t.co/IK7EpxFStQ,
https://t.co/18A5Ju1BqX,
https://t.co/dcUAPWsoJV,
https://t.co/pmlmKwNJtd,
https://t.co/xhIpnBrApZ,
https://t.co/bio49TiHNB,
https://t.co/U4QcyG8Ynf,
https://t.co/oiFWzMe9yi,
https://t.co/2n3fC8mjpl,
https://t.co/1egPazREWw,
https://t.co/0at92JWPUb,
https://t.co/Yj7tjy0zPP,
https://t.co/43mJbyB5JX,
https://t.co/pz9Rxo0rHJ,
https://t.co/KeJzPhMI9Z,
https://t.co/CKiuVIdrAY,
https://t.co/lAKDeNKnuj,
https://t.co/Ch9CanyYHo,
https://t.co/dF75qrvakH,
https://t.co/x7OFH91YKD,
https://t.co/MzMsDEcr7e,
https://t.co/uC0dnHfz8l,
https://t.co/NjdCCeG5o8,
https://t.co/9uDGriLhMz,
https://t.co/vFlmEw4sjT,
https://t.co/6UPMc8CarW,
https://t.co/COGBxQ1lDG,
https://t.co/LK2e2HXfYZ,
https://t.co/oWFu2Lon6N,
https://t.co/dPmFlqoR3f,
https://t.co/RcFJ6TQS9F,
https://t.co/NrZauAVbJZ,
https://t.co/sgOQdN1yeN,
https://t.co/qRim6hWRR1,
https://t.co/dioB8N730I,
https://t.co/cMJduckaU3,
https://t.co/e3EtGjXgZ3,
https://t.co/lmxzUAuJ1q,
https://t.co/mqwr2pqsH2,
https://t.co/zsytf32UNq,
https://t.co/tJ09amCzuD,
https://t.co/Sm1TNAfqEz,
https://t.co/aK65jtbv5k,
https://t.co/HZMsSlOvzz,
https://t.co/UZ0msvAY6p,
https://t.co/IVoLno0EoG,
https://t.co/4UtsOS932Y,
https://t.co/Dh4jL81ESN,
https://t.co/NAtoMMIAEe,
https://t.co/TZmzLky9Nk,
https://t.co/zAOSxJAve3,
https://t.co/vkj6il70R5,
https://t.co/E3Ny1HkWgc,
https://t.co/GRqiWzNcRV,
https://t.co/SufaznPr0M,
https://t.co/J7Cq7ehjAJ,
https://t.co/29V1WV5HFH,
https://t.co/sgvxF3kAa7,
https://t.co/8Vpn3V95C2,
https://t.co/lS07cBryL3,
https://t.co/JZtYm71UV8,
https://t.co/LouUctwbCw,
https://t.co/Fnhev8yXkW,
https://t.co/hV9Jts6D9f,
https://t.co/0LvX8kgx2i,
https://t.co/wdhHoz8lD9,
https://t.co/8LiwhJwbAj,
https://t.co/0O3WDYV3DB,
https://t.co/3NxklCqL6Q,
https://t.co/yyUV6aAkQk,
https://t.co/R132TAeiAg,
https://t.co/T7Wcite4DD,
https://t.co/7dw3LAPb0Y,
https://t.co/5zrZ5Vx1Et,
https://t.co/XK4g4xeXPl,
https://t.co/wFRylzBHZm,
https://t.co/8nXM8IfIj1,
https://t.co/vR0ujgyZCv,
https://t.co/X6SXzHKMX5,
https://t.co/8Vh6XxwMQe,
https://t.co/preuyxXhDA,
https://t.co/tRxo9sZx1e,
https://t.co/2qW4ZXTW8i,
https://t.co/dcfg64yzkW,
https://t.co/Frqbe1xhpC,
https://t.co/TmzS3NewAJ,
https://t.co/ZpwapLBFIv,
https://t.co/Gtr0ItMi6Q,
https://t.co/QT3uRWSH99,
https://t.co/OqZMpy5u0D,
https://t.co/CKCBi4vHkj,
https://t.co/CKFrB9g2Mu,
https://t.co/mQ1C20vGUT,
https://t.co/AdJZ94cz8N,
https://t.co/0t5ZrHMktU,
https://t.co/9x8nHgADVl,
https://t.co/BPNrzdQpog,
https://t.co/PWWLCA9WYX,
https://t.co/OvedPtJrFD,
https://t.co/1YuPXywqmI,
https://t.co/ek1CZ79nHn,
https://t.co/Mf6t9VYwI8,
https://t.co/8i0TblKptF,
https://t.co/msNrXJFfbH,
https://t.co/UiwMUAZiUv,
https://t.co/tbCJpSCiCt,
https://t.co/rf8YcT8YGs,
https://t.co/QD07FGOjZw,
https://t.co/ooDUGNMIRF,
https://t.co/bMSLTMi5p0,
https://t.co/AnI1vZQMsE,
https://t.co/b7mnQuJfGM,
https://t.co/bGPHKS9Jpt,
https://t.co/OsrtTqQ52l,
https://t.co/vXcgKvZOwg,
https://t.co/t8kVB1vJaH,
https://t.co/RwvMtUtE91,
https://t.co/ZRjgEcgCiB,
https://t.co/lb9sBpGbv3,
https://t.co/kJ79J6riCf,
https://t.co/MhkvzitHGo,
https://t.co/9e3Qq3enlW,
https://t.co/qkUlrdm0zw,
https://t.co/NjsBsHBlS0,
https://t.co/k9ymLJhRoS,
https://t.co/tWJvebrWv8,
https://t.co/9cDcSEq2ZQ,
https://t.co/19vEp4sCgQ,
https://t.co/cawjBFeUFy,
https://t.co/xMSETIksSB,
https://t.co/Bh9v9skWcA,
https://t.co/ixNandc0K2,
https://t.co/I04bKRfTFu,
https://t.co/mPKbruMiMA,
https://t.co/evaF9qbwNk,
https://t.co/u5OrCuA5rv,
https://t.co/grW5zrCCDV,
https://t.co/nn03WdSvDS,
https://t.co/r5IQSSklY4,
https://t.co/Or3AfIPEFr,
https://t.co/lE8PGd9rFy,
https://t.co/l9k0hUyRjt,
https://t.co/JfzaeKPg2z,
https://t.co/ShxC7C3b2F,
https://t.co/CmYe2ERxlr,
https://t.co/2XMG52yx8L,
https://t.co/s1oXWeOvOI,
https://t.co/0928EOE6s8,
https://t.co/PHGhgiX2i7,
https://t.co/gDwywHgvU6,
https://t.co/YEfIUS7emP,
https://t.co/FA717PogbH,
https://t.co/FCoCzOW9r8,
https://t.co/RzoYbIlMXN,
https://t.co/yzZtZvZxRW,
https://t.co/QqqNihFXqa,
https://t.co/WShka0ECBC,
https://t.co/e0V1h9tfpm,
https://t.co/i27lfU3JhQ,
https://t.co/2QwcBEV8X0,
https://t.co/6yEalBMoxX,
https://t.co/rpp9AtgV4T,
https://t.co/7RVevwS3FW,
https://t.co/mcJC79QLVl,
https://t.co/zsVUomwUcX,
https://t.co/zizAsLs9hb,
https://t.co/9MwDyYkRm7,
https://t.co/b9yAOHtEWa,
https://t.co/LPSUxPCD3l,
https://t.co/LmZ0oxxCUA,
https://t.co/4Nsz6vE7kw,
https://t.co/gW5vbYpwDV,
https://t.co/U9Z5a3s2NX,
https://t.co/Nbgl3sTs3l,
https://t.co/Tjq2Npe5ka,
https://t.co/nDNzmop1fg,
https://t.co/NP4vepZIPY,
https://t.co/0NDUkwzOwd,
https://t.co/iUUk8EYyza,
https://t.co/k5Qxh4WsJa,
https://t.co/D6tvuHReC7,
https://t.co/iYpzCEYGGA,
https://t.co/Lf2Zztf8ED,
https://t.co/eojfhDlKnJ,
https://t.co/dwTkg2T8Lb,
https://t.co/mV6xAhqxGc,
https://t.co/J1x7YPpr7H,
https://t.co/0rz4wBOcfU,
https://t.co/8rlwxjlEsI,
https://t.co/JjxV0ZBuYc,
https://t.co/Mtm1uiHwP7,
https://t.co/IBeoJ3D8vW,
https://t.co/fh8dBjs0uD,
https://t.co/QJVy5Pndrr,
https://t.co/kXQb7Lt9pp,
https://t.co/oVm40mLOWc,
https://t.co/CIKUZXxPUy,
https://t.co/jro8VIOEjH,
https://t.co/xPn99DWZH8,
https://t.co/9p6u8OhFbS,
https://t.co/w7D8Y1rtum,
https://t.co/xaWJaoic9I,
https://t.co/gxzBCQObMN,
https://t.co/5g1kVumY05,
https://t.co/q2xgtkOKmD,
https://t.co/UjkkL1inGg,
https://t.co/BmvQGjVjNe,
https://t.co/adNsfD96ph,
https://t.co/BICHY6jpR0,
https://t.co/UfJDkJA265,
https://t.co/IsClWGi7QA,
https://t.co/lr4IIwqrPw,
https://t.co/Cd3DURXHJC,
https://t.co/MSEmqPcaW2,
https://t.co/6LgYJGFiDw,
https://t.co/aidVb8s6tI,
https://t.co/Irf0KMBjLL,
https://t.co/djmUf02qLD,
https://t.co/4Opif3SQcX,
https://t.co/2Jqgl0bXum,
https://t.co/ZCifvbjdw1,
https://t.co/2b0lb5W3zW,
https://t.co/r5w88i0kS1,
https://t.co/MuoNMWllEk,
https://t.co/zNUAAQt9qH,
https://t.co/i4YADA4qUP,
https://t.co/xumKQAxbD4,
https://t.co/U41SCiiSO1,
https://t.co/Ryrio2AWYV,
https://t.co/FQLZNmA509,
https://t.co/OuDh0EzmV5,
https://t.co/7cXP2AILg9,
https://t.co/qfPVwNeZIv,
https://t.co/ChGBcfre62,
https://t.co/bExPolhs80,
https://t.co/wVnQFA0af1,
https://t.co/OkpeT0rdSK,
https://t.co/PzZOqwbSPb,
https://t.co/mXGw91pwP1,
https://t.co/acD611xoCa,
https://t.co/OPn0AyRAmI,
https://t.co/iaQ2F0rqfW,
https://t.co/RqIH1ehAhJ,
https://t.co/muk9iH8SPG,
https://t.co/sHhlregwfi,
https://t.co/eWsyQTcC80,
https://t.co/8MlyRig02R,
https://t.co/qUtSgKpXXw,
https://t.co/PXmAGodDxc,
https://t.co/3s7Fkh9FBO,
https://t.co/0C9RZ0XavL,
https://t.co/TJDnGh6wEB,
https://t.co/mwfuCbVvWN,
https://t.co/dnNF1bERPN,
https://t.co/fTS2abvaJz,
https://t.co/lGu8rtEcEt,
https://t.co/bLioK0eEMp,
https://t.co/ewZu6VTreP,
https://t.co/pQSeJlvUyo,
https://t.co/Obk5emJt12,
https://t.co/6DtqTSvaOB,
https://t.co/HyrGGcmXEr,
https://t.co/KgudAZeJo7,
https://t.co/7IGlKlcZg5,
https://t.co/CwETUA8f9Z,
https://t.co/j0WFobtxMT,
https://t.co/5oKyATmz4u,
https://t.co/ItdKSMABxR,
https://t.co/iuLRhC9viY,
https://t.co/YGtpK901nX,
https://t.co/OL7uMfkX9k,
https://t.co/MxzF6jSGff,
https://t.co/UTzAdFp5e9,
https://t.co/OnVmSgw66L,
https://t.co/xCIMQyoi4B,
https://t.co/69aBLZez4H,
https://t.co/cfztRRUcfe,
https://t.co/egorb3ohhY,
https://t.co/IbYfXg9Ecu,
https://t.co/Gf53q2MWHd,
https://t.co/hSvPyNFPjT,
https://t.co/m9mPgTBFtJ,
https://t.co/TbyBEMDpXX,
https://t.co/W9Ug4fIYkH,
https://t.co/po5oyLDrA8,
https://t.co/kRJY2yFF3i,
https://t.co/v6BcewjBoq,
https://t.co/8w7L33OyWT,
https://t.co/r97kyC6uqu,
https://t.co/ezgeu1vSkR,
https://t.co/N3BQaC8rPJ,
https://t.co/DNSo71tFuM,
https://t.co/K6C6qFBL9f,
https://t.co/Zen6nzC6Qb,
https://t.co/BbxPZKfMYc,
https://t.co/OxIqr7M9XA,
https://t.co/PvvZtoXH5Q,
https://t.co/Op7iu02Eik,
https://t.co/5NrUcIrHRA,
https://t.co/QAQWML3Dgz,
https://t.co/7FKLibeS5h,
https://t.co/mLplR5vSo4,
https://t.co/NWLHlPua0O,
https://t.co/nqxm4HIj6n,
https://t.co/uiDabl6j8S,
https://t.co/9ou6EgSQav,
https://t.co/1Nefm7beEk,
https://t.co/OvzdcOqgIs,
https://t.co/G6v5cLZWqX,
https://t.co/cqNmp125Pb,
https://t.co/c0g3piIPgo,
https://t.co/mPHm4wz4D6,
https://t.co/qCGRkn4Eg6,
https://t.co/w6KSXrMGdb,
https://t.co/Ty0iUaaiIz,
https://t.co/LpwXujdbga,
https://t.co/Cm301H11ez,
https://t.co/c7Op2KEjMJ,
https://t.co/0oyHBE7EJo,
https://t.co/eKgyhhtlUb,
https://t.co/xP94LO0yIK,
https://t.co/B5nNcDUSGE,
https://t.co/IFWbA2H5bi,
https://t.co/LeYPRWDfUw,
https://t.co/fFTEb0YiEX,
https://t.co/wgpm4GYtIr,
https://t.co/GhOBsCmVUF,
https://t.co/9N8fhT53fE,
https://t.co/Hnl1olx6hn,
https://t.co/6kt7EJkKtS,
https://t.co/7XgWLBurjq,
https://t.co/PAxiq43wwF,
https://t.co/3TMjMwRJLj,
https://t.co/lWjzu5sdhq,
https://t.co/33uk79BABx,
https://t.co/1yyxkcypu6,
https://t.co/aSbWpbftW2,
https://t.co/PoLti4DQp3,
https://t.co/6HMkm0VrRu,
https://t.co/lQyvb1mYSw,
https://t.co/K1gcEoSVyr,
https://t.co/ZBowuQqeuY,
https://t.co/GQh7siI2yD,
https://t.co/FDwmInhhuP,
https://t.co/rtUlC3yaWG,
https://t.co/r9gQYrORpI,
https://t.co/ShMct0MtKf,
https://t.co/dVBTMoxaS9,
https://t.co/9HSrDuZmVi,
https://t.co/dlSXhaXhIJ,
https://t.co/j2DdLvxuNk,
https://t.co/i0x8fZVukc,
https://t.co/nMgSo07IvB,
https://t.co/jB9B4Zg2CF,
https://t.co/LrahR5o8hH,
https://t.co/O0PtM5iAVn,
https://t.co/DAIEVPDi5h,
https://t.co/8Z66xumH8I,
https://t.co/q2gEd4treZ,
https://t.co/QOZcxF8cX1,
https://t.co/2PBC2kPGLv,
https://t.co/3s2ee4H341,
https://t.co/eNESm6odxD,
https://t.co/8QiE733qrE,
https://t.co/GYXoIruHAN,
https://t.co/QdcGrZftEU,
https://t.co/KkRuKtKcsn,
https://t.co/1dpB2Ffg2k,
https://t.co/MkeMn5ImQD,
https://t.co/9BzOGYzAKK,
https://t.co/rWRQmsbrdK,
https://t.co/xJSN1mxM9g,
https://t.co/F9vrf5psT6,
https://t.co/Yi4XFPGCUs,
https://t.co/tywsIpKmqJ,
https://t.co/zHo2mzlfVE,
https://t.co/nyqFAq9Gur,
https://t.co/cbq9X0PTI1,
https://t.co/Lhqb010386,
https://t.co/324j1Oa1aU,
https://t.co/gtlOmhdUef,
https://t.co/yULeDSrbgI,
https://t.co/AnbVsazU42,
https://t.co/bpZgw1Fx8k,
https://t.co/iBQBxMJJcQ,
https://t.co/aCFfCOgeFb,
https://t.co/TRtHrhumFA,
https://t.co/IwzQi1ZUEE,
https://t.co/ISp4uenG9R,
https://t.co/pEkyvylu9p,
https://t.co/vXQtaE5zXn,
https://t.co/bAp9IefPfs,
https://t.co/Gl1fpllLJn,
https://t.co/sVgrpzxSb6,
https://t.co/g83CNvVD77,
https://t.co/rIttqbL9vu,
https://t.co/eGEfloQKt4,
https://t.co/D6RgNYFieC,
https://t.co/Tv6cPr4f5u,
https://t.co/ihlCgvzfbZ,
https://t.co/Le6QMLOqP6,
https://t.co/O6a8oHKU1U,
https://t.co/ZLvfcSDNUq,
https://t.co/3fDa2K11KL,
https://t.co/o9V9QNOymc,
https://t.co/wdPgpGqOx3,
https://t.co/eauetdeWJR,
https://t.co/BhIZ5qqQuB,
https://t.co/iheJoYnD1R,
https://t.co/oo9JQ9R5Ae,
https://t.co/3U9A6kAQWZ,
https://t.co/tI9SP66s0Q,
https://t.co/PQ5EzdQpKX,
https://t.co/AO6USooabU,
https://t.co/qywP5kE6mh,
https://t.co/LtJdHuUrBd,
https://t.co/cP4wWOk3q3,
https://t.co/vsUS9uZnpf,
https://t.co/sSTFP0dEB4,
https://t.co/7CgJnJjMw4,
https://t.co/lumITRbFL9,
https://t.co/8cfYSGcrCs,
https://t.co/AfCJhPgwDJ,
https://t.co/iITqqH1CaO,
https://t.co/hLjgWHAoLD,
https://t.co/CHATMZeSxt,
https://t.co/cjCWcbRTzn,
https://t.co/1cAho5TxsH,
https://t.co/NPSAGCcYUi,
https://t.co/RbryvLRu4P,
https://t.co/DaP6ytQsUj,
https://t.co/Fkj5V7JDDM,
https://t.co/UR24T03V5G,
https://t.co/xYUeuBT2Sy,
https://t.co/m0cTKHxC2y,
https://t.co/44341mZXdY,
https://t.co/j85uwp2JVt,
https://t.co/2OYiZ9J1V1,
https://t.co/qhLampc9AE,
https://t.co/KiS7LDB03S,
https://t.co/hY7lZwq49i,
https://t.co/nln7QGYttL,
https://t.co/DRlxoQOAWJ,
https://t.co/nXLKyEdkUc,
https://t.co/60T0VUJUcm,
https://t.co/rZEtJeC1hO,
https://t.co/LHsRG4ePQN,
https://t.co/1C3MnTQgu4,
https://t.co/QGHDWzfO55,
https://t.co/Q7WxbXjUQo,
https://t.co/ZHdAaJbjXf,
https://t.co/U0eRjcO2u4,
https://t.co/3h3lfCnO5F,
https://t.co/TDqM2N9Dqz,
https://t.co/MWEN6Ix3Oy,
https://t.co/CPl6j3Ora8,
https://t.co/xnjQpzXrkp,
https://t.co/g3d9SS1u0W,
https://t.co/I0UznCGT2h,
https://t.co/Pxecj5bhfX,
https://t.co/6BDfCgr1jm,
https://t.co/SuUJL2gbcb,
https://t.co/zz5ucx9vTr,
https://t.co/bMf3bu1dpe,
https://t.co/ke3PFQXmba,
https://t.co/HOoaxmKCzi,
https://t.co/oEs6XdNKle,
https://t.co/UoDApSxE3g,
https://t.co/9ChG0NcLZ5,
https://t.co/hkxgj6mpuC,
https://t.co/0tbHruEksO,
https://t.co/f2kd0Aq94d,
https://t.co/xMsA8vxQUu,
https://t.co/kIZMtP9TOB,
https://t.co/kkX7PWyAIn,
https://t.co/KRjO5dWtTL,
https://t.co/TnqX0LeTpB,
https://t.co/Wue7QNjUAe,
https://t.co/7DVwXJwcFU,
https://t.co/AbOAlhs8he,
https://t.co/sDeupGITox,
https://t.co/SKEZcUKAgO,
https://t.co/8OtITgrKjg,
https://t.co/OjjvzIpOoe,
https://t.co/cD2Uf7hZwX,
https://t.co/i8ntCxgIUs,
https://t.co/hF2KhC2rIW,
https://t.co/qfNeS3V5lF,
https://t.co/LZuMsQcqtt,
https://t.co/MLVheRzgMd,
https://t.co/EhD8vWbtTj,
https://t.co/AKUpuDdBwq,
https://t.co/61aLK1y7Sh,
https://t.co/fL5GM18qnZ,
https://t.co/tmpgvOPbPZ,
https://t.co/7IFAUlEImb,
https://t.co/oBNRk2RzYD,
https://t.co/XMv7cLwKkR,
https://t.co/5qXaeVVlrw,
https://t.co/ihis5J3ygH,
https://t.co/waej8VFlMU,
https://t.co/x1eOG1nAfL,
https://t.co/0RbOZkBGyI,
https://t.co/j26H1PIASc,
https://t.co/z6TGznzNV2,
https://t.co/uuGvfD9kfK,
https://t.co/3OGay2dARq,
https://t.co/a246Udtesu,
https://t.co/Z1WubhwXaA,
https://t.co/yCSs94jbxu,
https://t.co/4pUp4u94fZ,
https://t.co/9FTTu2oxEx,
https://t.co/8luM9D5768,
https://t.co/PHtRpu7KwQ,
https://t.co/emTNwHIjVV,
https://t.co/U2dkZ4RRgf,
https://t.co/jrENd1c5A9,
https://t.co/caF9AU0jct,
https://t.co/nqexgRNMY1,
https://t.co/a7BzBIRoox,
https://t.co/HRz21P1dHg,
https://t.co/aeMu70pFn2,
https://t.co/GDIwlTxLD8,
https://t.co/anTEm1CZbW,
https://t.co/Y18Ng6GLvq,
https://t.co/clGbd8Rcp7,
https://t.co/xaiL9m1e2u,
https://t.co/GDI7HGzhwv,
https://t.co/cYMQDz7lLW,
https://t.co/DJdrq7KfcE,
https://t.co/H5DYdfyXzo,
https://t.co/Xf1LMyX5HU,
https://t.co/6YlU3HZ3Ey,
https://t.co/SVbKw2KRcR,
https://t.co/SdSLkA9lXN,
https://t.co/TND5X4mrF5,
https://t.co/39KUfjQz7c,
https://t.co/ofB1nEXhBo,
https://t.co/nIBxjXsISx,
https://t.co/LqlG2c6H4S,
https://t.co/dvBARxiqwr,
https://t.co/PhPU7f2FT1,
https://t.co/BKRxOPPQFk,
https://t.co/oCS6xKTUb1,
https://t.co/xktTNcEP0o,
https://t.co/DUZtc7TRjw,
https://t.co/zCsJDGChm3,
https://t.co/IY0KsKkveY,
https://t.co/ezef61xpie,
https://t.co/D89FsVRodQ,
https://t.co/WsP3WBIbch,
https://t.co/8rbfjBtHXq,
https://t.co/ZmbCPP5A05,
https://t.co/ivRI4ui423,
https://t.co/scupFerqTO,
https://t.co/V4lsbm1cGX,
https://t.co/leCchGdVXn,
https://t.co/WH0o4xtSyQ,
https://t.co/AlTxMOIf1r,
https://t.co/SmuvRfRXH6,
https://t.co/g7kYud7jDy,
https://t.co/zuEnfS6EoH,
https://t.co/rG7MdNrZqQ,
https://t.co/QTHQeufpIB,
https://t.co/jChPA0V4We,
https://t.co/mACblG6RrL,
https://t.co/AhbdRlMiod,
https://t.co/Qa6RLXmR4x,
https://t.co/J4EciDzbPT,
https://t.co/oIwF6Tg0mM,
https://t.co/wUCgsFpzFg,
https://t.co/budiRdl8J6,
https://t.co/GIojzYh1xe,
https://t.co/xUsjnBhnGe,
https://t.co/GISnR43yWt,
https://t.co/HCDUnqYAJh,
https://t.co/Nyy5tnUlZX,
https://t.co/KTMekFJKtU,
https://t.co/txdJeriz2V,
https://t.co/dGx64Hx13G,
https://t.co/JGPBS4zmeK,
https://t.co/XWlRkJyCqr,
https://t.co/dqFFLAkUii,
https://t.co/nUQzy06hvU,
https://t.co/0YFw6VnFbv,
https://t.co/CnyunvVgLx,
https://t.co/gdfpuvhQEv,
https://t.co/AKI6V1ZJXI,
https://t.co/KqD0TdwYKy,
https://t.co/ybqbTHJcVM,
https://t.co/5VHeCVDVpv,
https://t.co/R8ajVOKYPj,
https://t.co/cjBhtu1pff,
https://t.co/MhyriddsZx,
https://t.co/mrIxdDVvPC,
https://t.co/c5t77uHHdr,
https://t.co/lq5QM53Hd9,
https://t.co/ahg3Pa5Ajf,
https://t.co/LytQHsaB50,
https://t.co/lTeBPhlZp2,
https://t.co/AV5Xzlc3wZ,
https://t.co/7ZSKYt5Ujb,
https://t.co/rdTiAU1ScB,
https://t.co/HQbKK1Kk73,
https://t.co/ouRFjhsGiu,
https://t.co/XaOhb5JV06,
https://t.co/x3sZBQXiKb,
https://t.co/hkoCjxVRZY,
https://t.co/dSbM9NvILJ,
https://t.co/kZAJ4Lcrbw,
https://t.co/joOvb6r2ma,
https://t.co/DkloQTALd2,
https://t.co/HanUJ7DtyQ,
https://t.co/E9PLmThhr0,
https://t.co/BKDgJGJUdq,
https://t.co/tROJrwQf3n,
https://t.co/1pWofse6Vt,
https://t.co/gDkcUSrRrc,
https://t.co/xlbAkuKJQi,
https://t.co/Rx6ZBRrJSZ,
https://t.co/obdhshtxok,
https://t.co/uuUmKxQrfC,
https://t.co/CQaxQWqsyw,
https://t.co/Sp0MzA0gGh,
https://t.co/JgwB30tT8M,
https://t.co/cRXS3bDXLx,
https://t.co/dcqBMHIpcr,
https://t.co/ULPuX5GUuy,
https://t.co/tVUBjYZN3O,
https://t.co/6viEIfAjUV,
https://t.co/124UWSp0dX,
https://t.co/724rEOKgtC,
https://t.co/v10n1p6kEm,
https://t.co/jnj8s7ZzfL,
https://t.co/L4MkAhJH8v,
https://t.co/IChpSBSHtc,
https://t.co/dkcgiOkTxA,
https://t.co/TxwttY5LI7,
https://t.co/f4ZeClYmRQ,
https://t.co/gbzapRefbb,
https://t.co/cp8fvmTp3w,
https://t.co/HexZv2aVv7,
https://t.co/PEC8tzTAiP,
https://t.co/WlYEg5l0eu,
https://t.co/5VSjHXARbc,
https://t.co/JKyxPAtzlX,
https://t.co/OL9ROcXuQU,
https://t.co/cgaR1vlWd7,
https://t.co/92ECdXOkuI,
https://t.co/rPwYemoi7g,
https://t.co/QSpiHoY8Cw,
https://t.co/eHegbCSKFD,
https://t.co/8YZ9k00S42,
https://t.co/zMRWmNC2oq,
https://t.co/oZVQDD4KvL,
https://t.co/BxVDcLvMEy,
https://t.co/L9VD79a157,
https://t.co/5pBuQQspgb,
https://t.co/okyw5TWEzM,
https://t.co/iBvzYQCWmS,
https://t.co/NLpk4ncEtf,
https://t.co/9hOxRo6BPd,
https://t.co/o6YuCTYBCo,
https://t.co/cx4cEja165,
https://t.co/ahZ85LhmDB,
https://t.co/qYcG1zyxO2,
https://t.co/JopGYOOLSw,
https://t.co/JfpiUh8OQH,
https://t.co/P6m8SWjsCK,
https://t.co/bkNhGr7Gsy,
https://t.co/DYRVpRWpP4,
https://t.co/bnedSg6gdw,
https://t.co/4PlXTCI7TA,
https://t.co/bnLTrwwJrB,
https://t.co/iUbF0EEolc,
https://t.co/2Te3LkKiYW,
https://t.co/pLYDcXBr2u,
https://t.co/PkmmP9zeYs,
https://t.co/repmDtm5zE,
https://t.co/KUDYnMFHd8,
https://t.co/5hyd3LWuEj,
https://t.co/63bOhgJPb9,
https://t.co/QjyesVbCS4,
https://t.co/77C9TC1kjj,
https://t.co/YsMHlPhKj6,
https://t.co/tzzGL2fiYb,
https://t.co/fvCiBlj8P3,
https://t.co/na5jqaEn9j,
https://t.co/ArhjwqPzsq,
https://t.co/9tIryzzHeN,
https://t.co/SNhetrnQPE,
https://t.co/fJEf88xUWj,
https://t.co/U906dfzy2Z,
https://t.co/solUNTsPzy,
https://t.co/VIkQKTz5qC,
https://t.co/tVVHchdVGh,
https://t.co/64Qx2CIrUB,
https://t.co/qTzH6wcwcc,
https://t.co/6bQ0l7CJpV,
https://t.co/uzjYZeG4Aj,
https://t.co/uBUED0OMpU,
https://t.co/pA9QxkEUYL,
https://t.co/rF25cXlw8J,
https://t.co/9QfQiDI1SG,
https://t.co/Iuim1Iap5Y,
https://t.co/8NP2sRnpQS,
https://t.co/AxPGK3kWok,
https://t.co/n0Jit2gHFX,
https://t.co/aRdSa2Q8bM,
https://t.co/VByDrPRECn,
https://t.co/HuXAiiDr8R,
https://t.co/jxkINjHNg5,
https://t.co/i9IX85pmtA,
https://t.co/QEOVnWJq6K,
https://t.co/7Hm4KXmDqn,
https://t.co/3k6CptwvBL,
https://t.co/4GcztosZ0w,
https://t.co/r81q0HaaQJ,
https://t.co/5BkDqhrgeK,
https://t.co/59N5J8ZiLO,
https://t.co/z9GFFlLiPr,
https://t.co/0uuNOPdY5h,
https://t.co/ViLZlFo6rV,
https://t.co/23VtyWJlga,
https://t.co/lJni9zjOlO,
https://t.co/oJ7tnhAH8H,
https://t.co/qYwBr6d57g,
https://t.co/yrzy9PxVvK,
https://t.co/dNQi71Mt9T,
https://t.co/VWPpkecHch,
https://t.co/2IuZ1lKCCd,
https://t.co/o0PGNJ9Mje,
https://t.co/OeoPu3Ns39,
https://t.co/N2rWxxVFP0,
https://t.co/lBhk96EQUV,
https://t.co/FN91NQzBp4,
https://t.co/YNXq0Yak6q,
https://t.co/M9AHkEnkNH,
https://t.co/6hfCsqOEjs,
https://t.co/nF0X6vkQgn,
https://t.co/OcrNjziuAC,
https://t.co/OOSBQzRApC,
https://t.co/rmntkcyj0W,
https://t.co/1CHV49LELr,
https://t.co/98RyP0RsCm,
https://t.co/tq2qigy6hQ,
https://t.co/bIXchmsTs5,
https://t.co/OCtylZ5TRf,
https://t.co/kKduPlQ3Po,
https://t.co/l8ewNo6oOt,
https://t.co/tRm3iJw3rj,
https://t.co/VnnnqXH4Ke,
https://t.co/wTp4fSpHxo,
https://t.co/TLDyFGDVfc,
https://t.co/zCBqLY6G5O,
https://t.co/U9mkiTyymc,
https://t.co/cQzQrQEeKS,
https://t.co/PqizijcGDy,
https://t.co/KjlSAlsuzQ,
https://t.co/fv3cTEPUlH,
https://t.co/gostus3ASG,
https://t.co/as1JOdPxOh,
https://t.co/tVa0NU1NI4,
https://t.co/gHqNVKMbat,
https://t.co/F6cuHXuaYy,
https://t.co/uONazk57Sb,
https://t.co/gjJwmFjHyk,
https://t.co/U4YC08kvJR,
https://t.co/sPGSlb7Z6n,
https://t.co/HBGFC0JDA2,
https://t.co/mGnzJtF8i2,
https://t.co/t4ylcyTQIn,
https://t.co/nNDMgkv5gK,
https://t.co/Ng1NqZuka1,
https://t.co/1ndwdagJJD,
https://t.co/1DyzahPLQZ,
https://t.co/dz18LNYJKN,
https://t.co/vxbEEek1lQ,
https://t.co/jNsFAoWwWU,
https://t.co/mOxtZqw6cq,
https://t.co/CDQEcooTk5,
https://t.co/iHtS2dZfmv,
https://t.co/zYnOfFSGMr,
https://t.co/4gHgQ74jEZ,
https://t.co/Xrc6wA8hs1,
https://t.co/LloLFcVwSR,
https://t.co/zcZk0AFPV3,
https://t.co/Km3CwrMbO9,
https://t.co/H2xbZrZy9I,
https://t.co/TbUQGdWEVt,
https://t.co/fsxTEDfbmw,
https://t.co/Q82Zr3MjFC,
https://t.co/TFZkzA2myE,
https://t.co/RX7eud2rij,
https://t.co/BbzMpaMziK,
https://t.co/LrSBGsOCcL,
https://t.co/ERZfKNA3PS,
https://t.co/HQb0aPo50r,
https://t.co/Z0xMCCIsF1,
https://t.co/LiAykpUvZi,
https://t.co/WrKlJWsf4F,
https://t.co/SG2kFx72CK,
https://t.co/4BQuYidNc0,
https://t.co/7RRF1qRUPh,
https://t.co/ISxnChzgWz,
https://t.co/q2L5RVNHxE,
https://t.co/8rl7qrNkv8,
https://t.co/vvGpJ0KWX0,
https://t.co/jkRthdXktf,
https://t.co/un8oOAzUct,
https://t.co/ifPS1G2MaS,
https://t.co/IOphWJD68h,
https://t.co/kdH9rkyMlP,
https://t.co/J1OgR9BGJO,
https://t.co/XbMnXR65s2,
https://t.co/PJr6v6ofH4,
https://t.co/bKbLI7f2tt,
https://t.co/qRyQUW4Bhq,
https://t.co/7F7z7N5Eqq,
https://t.co/hxP6F10FAX,
https://t.co/CA1Zi4XVSw,
https://t.co/AgwvZRF0p6,
https://t.co/8SeZETFmY1,
https://t.co/kJWBD0L7bR,
https://t.co/hPY3SosZ79,
https://t.co/fOYLlBpc4K,
https://t.co/cGeChoscXo,
https://t.co/LXkhPajijC,
https://t.co/KMv7uXp06A,
https://t.co/TlWl7sGJsb,
https://t.co/Ep65PTcvWo,
https://t.co/aioNtgEuJq,
https://t.co/SSuHxDfqf6,
https://t.co/s0ajHBwcL6,
https://t.co/mJmZGGT3hL,
https://t.co/eGyaf0eUdC,
https://t.co/qSSrxQ68It,
https://t.co/NlfoXKEekq,
https://t.co/z40fN0k2pz,
https://t.co/Rihd6iWCdx,
https://t.co/aS9QYxuUF0,
https://t.co/VnfO2DOnOd,
https://t.co/9wObwiuuAL,
https://t.co/7u0VXPubMf,
https://t.co/3VveGXmZaq,
https://t.co/OWhnPnZX6p,
https://t.co/Emh59rh7h9,
https://t.co/XPEpFHO0Jq,
https://t.co/tWxmjrx8Gn,
https://t.co/NAtT6tHWlJ,
https://t.co/A8fScTzKSd,
https://t.co/53RCNThIno,
https://t.co/F4f0hKUfqe,
https://t.co/RRsxvEvGRw,
https://t.co/wxwuOenYY3,
https://t.co/VMelpj3ZQH,
https://t.co/fUDVxXTWK4,
https://t.co/ZQfcVwnLl7,
https://t.co/TIs6AuPWbi,
https://t.co/UD9bFqESx8,
https://t.co/Fk2VR1FyH9,
https://t.co/BKvdu3aDuY,
https://t.co/zFlNEwvKoh,
https://t.co/F6KELGL79N,
https://t.co/rnoZpLUKh5,
https://t.co/heNd34Tg8Q,
https://t.co/FIOUoac6t8,
https://t.co/WhH4JCbepd,
https://t.co/HnmYTsKNCv,
https://t.co/pxQUsh9eQu,
https://t.co/RwQRxtJuDW,
https://t.co/Km39i2psrr,
https://t.co/2UlZBjIRxk,
https://t.co/mPXbZumTu0,
https://t.co/ZZodTuGTVj,
https://t.co/BMyGShJrAQ,
https://t.co/8krZWMfvvz,
https://t.co/K4tYhdPhGn,
https://t.co/Oc0RuSNj8d,
https://t.co/9HzSxhd5TL,
https://t.co/DgxPZTVfCH,
https://t.co/Zzb3HBa9cZ,
https://t.co/aDnY1dJwP9,
https://t.co/1E07sIwSgM,
https://t.co/GJ3aOVUxJl,
https://t.co/p2iQspywuC,
https://t.co/s9cVDHi68V,
https://t.co/bVGT7RLmlo,
https://t.co/mA2zRcX8Hm,
https://t.co/qf78oYEyy0,
https://t.co/1fwYm3pT93,
https://t.co/vwYsJ801iq,
https://t.co/hbmS0bT2G4,
https://t.co/t3U4lxxu6a,
https://t.co/vwKm8IW7VV,
https://t.co/Gtq1AfXnRn,
https://t.co/7NPHEWzaPD,
https://t.co/uQQdbxtw6m,
https://t.co/YEVzRwSDhL,
https://t.co/4axqMlLLpJ,
https://t.co/2K7veXIYkG,
https://t.co/Mc23YrSG6h,
https://t.co/Lrs8Z4pQKi,
https://t.co/3YBsCbiGKW,
https://t.co/bBwFjWfg8q,
https://t.co/84z6zYCCNN,
https://t.co/r3TyskuiaD,
https://t.co/UmJDev0hun,
https://t.co/VQ4ltJ01Zv,
https://t.co/20vPurRLkw,
https://t.co/DmvJoF6izT,
https://t.co/OZWJruGfTz,
https://t.co/mbC9053q0O,
https://t.co/oeVCJIiESJ,
https://t.co/XxBW9tP8G7,
https://t.co/wWT3CAZ07F,
https://t.co/zcbrVGVMKP,
https://t.co/tu4Es6EKgG,
https://t.co/hupnsZ57GQ,
https://t.co/iEo6EVdBK2,
https://t.co/sDcTj8dVRG,
https://t.co/PYLFqtqHJr,
https://t.co/8QxpI0KIBz,
https://t.co/sPmpD5mS2L,
https://t.co/vraxADJMpU,
https://t.co/sUM7R4gZnE,
https://t.co/0aHeQo1Yh1,
https://t.co/XlFDiIiAvX,
https://t.co/uAUBahNfzi,
https://t.co/JY4BynN8hx,
https://t.co/NP2WuUM7CE,
https://t.co/FnuAvwq7RA,
https://t.co/WSQAyv3ctA,
https://t.co/wQvevONPZ1,
https://t.co/b50lGDGLkg,
https://t.co/CTSx0WtWdi,
https://t.co/9X8F99Fumr,
https://t.co/9FedERaiC0,
https://t.co/W5NwRf3uaS,
https://t.co/en5oB5zYMR,
https://t.co/MOSeL06TSn,
https://t.co/OudEec4O0Q,
https://t.co/CF4nwAVRCd,
https://t.co/CK7TnQay1z,
https://t.co/QZPzlNgS5s,
https://t.co/FIbdvOpYAr,
https://t.co/LGLO0UQykp,
https://t.co/9HqR1F3cDt,
https://t.co/Z6NAl9kBzM,
https://t.co/PtkuSbBbhO,
https://t.co/4wvrmnZ5p1,
https://t.co/t2Axi9tKFa,
https://t.co/3MvlFsCvEz,
https://t.co/wby0zpdm19,
https://t.co/KPm6qXMfFj,
https://t.co/586mLtQdHN,
https://t.co/89MnYA5Dc5,
https://t.co/XruHMDkVUC,
https://t.co/ZzmpwzXI5b,
https://t.co/lFkdOgjDwr,
https://t.co/70PpKVb7Vs,
https://t.co/8bZbhxeANL,
https://t.co/ogLNxUWRnu,
https://t.co/TQG2el9ycl,
https://t.co/VeweMKPf0S,
https://t.co/GeuXKfmoTm,
https://t.co/pEqC3Ht40y,
https://t.co/en0tEl06NT,
https://t.co/TVXMvOxEFr,
https://t.co/7TuEjRag1P,
https://t.co/jlKW8IEk6D,
https://t.co/OxgVhHEaEv,
https://t.co/p0AoGJxuAf,
https://t.co/3gUbwbQLN9,
https://t.co/1bMLEeLrlT,
https://t.co/BFnaujKSy6,
https://t.co/Dn8iWJpJPw,
https://t.co/nYsQniH95A,
https://t.co/iCCYenaSme,
https://t.co/SdeIaMG4uL,
https://t.co/N1BlAXfF1s,
https://t.co/uTAXOhQFxW,
https://t.co/6bNoHvwKMz,
https://t.co/VziPVDDvlv,
https://t.co/ZV8K7QsWAg,
https://t.co/61do4Y7arq,
https://t.co/vPAonzevy3,
https://t.co/cp1La5BQxi,
https://t.co/ApfuJxyjEx,
https://t.co/GFhfbo2oWA,
https://t.co/QTiZItsj7d,
https://t.co/PhYwBuYDkO,
https://t.co/ve2d1dlf5H,
https://t.co/22WjutsE0M,
https://t.co/fvcjNGuhoE,
https://t.co/LjgyhOF2jY,
https://t.co/Zf6AUFikiL,
https://t.co/6kF4uNHVBB,
https://t.co/cv2JmMwCCL,
https://t.co/SX1Yi5Kob5,
https://t.co/J7N1S7svGM,
https://t.co/6UNmOsKMXZ,
https://t.co/UUPzcEm3rj,
https://t.co/T9z2GA3CQ4,
https://t.co/LOQsixJYlu,
https://t.co/oKWmUWzfkb,
https://t.co/oaHBTM1eBL,
https://t.co/YBG2BFYGH6,
https://t.co/WrfzzyDF1m,
https://t.co/h0xQG2Vawn,
https://t.co/7Lwsxxa7Rx,
https://t.co/UCr9mTrQ7y,
https://t.co/6S1veuzfDt,
https://t.co/lhlNrGhSN8,
https://t.co/qar65Ud51C,
https://t.co/iLVwIpRj8C,
https://t.co/cCRfBdDhkG,
https://t.co/GHU7GwUnTb,
https://t.co/gW39CLRJfL,
https://t.co/PjgfBoriuQ,
https://t.co/l75NzJQQoB,
https://t.co/IfaR0qBACm,
https://t.co/38pmzttLCF,
https://t.co/GkziPDQRUk,
https://t.co/PVxnMin6cq,
https://t.co/FpwgpXjCpN,
https://t.co/YKQPQiZo1o,
https://t.co/Cgm957B8A2,
https://t.co/Qp1BPu3HuY,
https://t.co/wOl9BC4CfM,
https://t.co/2xQbIq4XcE,
https://t.co/eltdOkBek7,
https://t.co/gEyxo5ri9W,
https://t.co/KKFD76jCX6,
https://t.co/uNRpMVd3gS,
https://t.co/9dGKBZcGte,
https://t.co/g9J8v3JCEm,
https://t.co/Pk40JvPNfw,
https://t.co/oA6P95Hl6f,
https://t.co/yBeV5SkNcY,
https://t.co/oZlzE1v9Y8,
https://t.co/snxdkgN1Pm,
https://t.co/33LXz3Vjew,
https://t.co/frbqMRrzZE,
https://t.co/UZBZl2iWcz,
https://t.co/zkkaP4Pfjb,
https://t.co/X447zFUJL1,
https://t.co/PGzVKxYt6Y,
https://t.co/G61geXshIC,
https://t.co/FMtLduScd3,
https://t.co/BLOO5OSizg,
https://t.co/gwXXVyle3o,
https://t.co/QWmepUVH1v,
https://t.co/WI6mqBOmfg,
https://t.co/FkjYw8p7Ae,
https://t.co/i1YgRu9v1H,
https://t.co/Xk8Ao2teVX,
https://t.co/MIB2ym7P2v,
https://t.co/EAeT1wo34v,
https://t.co/sILWdHXysp,
https://t.co/Ygo8sqIeME,
https://t.co/Nv4WFURR1x,
https://t.co/fXslzkqIzu,
https://t.co/dBBMx3v9bn,
https://t.co/u5AVdnLiUs,
https://t.co/cC948Tce9J,
https://t.co/mBM63U1Vas,
https://t.co/6Nw3jtgH0Z,
https://t.co/qwv5xRTqki,
https://t.co/PsohAA8L7W,
https://t.co/8dz4DoTTqj,
https://t.co/YxatI2dPL6,
https://t.co/Ssubi30ZGA,
https://t.co/cDT6RDLwXB,
https://t.co/GgCG7RoaQE,
https://t.co/TdNc5rAS6Z,
https://t.co/ycbuiuKytY,
https://t.co/irNmIR7MY9,
https://t.co/3ovRKHCCj0,
https://t.co/EriSygMOUL,
https://t.co/2VgaIBI0lV,
https://t.co/PB6faF6nxC,
https://t.co/ZlPWKzfVva,
https://t.co/AnNezrN3q3,
https://t.co/tbVmkbo8rC,
https://t.co/qIULudzRqE,
https://t.co/qzimlQM0Xu,
https://t.co/H3x9wbtnGr,
https://t.co/wjgCZIvC47,
https://t.co/e6wAvzUjMJ,
https://t.co/3YT9TPWPvy,
https://t.co/LDqRmhT671,
https://t.co/DvZV4KIY5G,
https://t.co/fWi2hHVamG,
https://t.co/3DUgtAt1lv,
https://t.co/KlIUQLDNj6,
https://t.co/AAMEdGmdSR,
https://t.co/K5EsJIyVaR,
https://t.co/h1YYTMBBNZ,
https://t.co/FBWTlSYYpC,
https://t.co/YpaQaGvUB0,
https://t.co/RkwrdP6Hyd,
https://t.co/hYrsAXRY5t,
https://t.co/csyYRKyZJf,
https://t.co/x5apUcurH5,
https://t.co/k3HEduj6X6,
https://t.co/ZoXT6oQzyo,
https://t.co/39lflRSPxl,
https://t.co/3X6RBneA9Z,
https://t.co/JmXEBD52Bq,
https://t.co/2CeLDS8KJv,
https://t.co/y5LSwxXr0s,
https://t.co/zhFnwB9dDJ,
https://t.co/JKP6u3bRNi,
https://t.co/z9etSam5GY,
https://t.co/jf0Vrz7fZB,
https://t.co/qpRvYrVZVx,
https://t.co/l6QL2IoCLh,
https://t.co/RORoR6Qvrk,
https://t.co/olGIbuqfOh,
https://t.co/sWQkH7mESA,
https://t.co/Q17TYYQRHZ,
https://t.co/2jTvEUXpwr,
https://t.co/dYGzHHvyk1,
https://t.co/B89ZMMgVHw,
https://t.co/D33nWEJWNg,
https://t.co/22Q1nSVQxZ,
https://t.co/54UDccH0wa,
https://t.co/jljA4MsIgB,
https://t.co/745GofnUMD,
https://t.co/12cXBPrDpQ,
https://t.co/5BOwWdcjL2,
https://t.co/If8w1iHmkN,
https://t.co/sUQTVAz8fM,
https://t.co/xBHaJ4u9Tn,
https://t.co/RkJ2eTrcbQ,
https://t.co/RJbCfJOLs5,
https://t.co/b0xT92dPg2,
https://t.co/Xm7MRpyLGi,
https://t.co/mrtrRvwJhY,
https://t.co/Fz1RlqWC80,
https://t.co/0vQRew2Fv2,
https://t.co/DLnSWUmVk6,
https://t.co/UY7oMLNMgC,
https://t.co/ZN894MVpTX,
https://t.co/5g4I4YHOrL,
https://t.co/B27ejcIMWW,
https://t.co/hmFu2PHDdr,
https://t.co/15xacj79Vt,
https://t.co/Br8psLSKDS,
https://t.co/kcgWUu1gNX,
https://t.co/wCqOdjJUwu,
https://t.co/QWW1O3JZmt,
https://t.co/eFy7XRZAQp,
https://t.co/Y2j4kdwhDJ,
https://t.co/3mCLnR79am,
https://t.co/is2QJhBM9a,
https://t.co/LD5D1Mkwdt,
https://t.co/dqsdHep9R8,
https://t.co/DtWdNYxhFx,
https://t.co/rSbFfqGyS7,
https://t.co/D0FRv0Cz9d,
https://t.co/LV0sTXk122,
https://t.co/hGWLjLISLA,
https://t.co/NYDwbue4JO,
https://t.co/0bXKDFkjHu,
https://t.co/j8mi6RWE6y,
https://t.co/CfcDpf8ZCH,
https://t.co/MhvehkiWBi,
https://t.co/dJlCmAyYpw,
https://t.co/BZz27obEhi,
https://t.co/61PwwfXI7N,
https://t.co/UCDUa0apEr,
https://t.co/plNdhpQOjs,
https://t.co/1iDdNpzuJS,
https://t.co/4PkJ9LJLOc,
https://t.co/N1Py3oRLpj,
https://t.co/LuE58wdG60,
https://t.co/Bj0DDJduym,
https://t.co/m2zpNwvMu5,
https://t.co/gIA1STgdnc,
https://t.co/aW3ipkK7vx,
https://t.co/wSkHX0jxgG,
https://t.co/fYGKI6RrH6,
https://t.co/nC6ZhJbGms,
https://t.co/lTtzzy4O1I,
https://t.co/3DPfGKrQr7,
https://t.co/Vjkx0TbqmA,
https://t.co/XECfQVCNmF,
https://t.co/TRnvCAZX5o,
https://t.co/2HWcusgb5I,
https://t.co/e3bTaeZtLF,
https://t.co/tILrf29RVy,
https://t.co/MsY5Y0kNQV,
https://t.co/V40PiJ3b2D,
https://t.co/oTDyloEuPn,
https://t.co/0d89UvM4Yd,
https://t.co/ZsBEQ7lGXQ,
https://t.co/vXprYvHI7H,
https://t.co/JF2KdtrR1o,
https://t.co/EZnX5Gdh9k,
https://t.co/QtCfaH2bMO,
https://t.co/zAu62vcgXb,
https://t.co/Giwqn3JBv2,
https://t.co/7ZOIqKgCMk,
https://t.co/o7jd52GXlw,
https://t.co/XkQLkD9zWK,
https://t.co/oDiuvtzC1V,
https://t.co/PQKG6n3bTu,
https://t.co/xDpbwVA4o2,
https://t.co/8NdMSpC088,
https://t.co/i3lYWN5HAl,
https://t.co/E7U5uPXsWF,
https://t.co/jt04xQ3IfY,
https://t.co/Dyc9jQXQ31,
https://t.co/617eVFNteQ,
https://t.co/bFXRDHfwLJ,
https://t.co/xLyOdgUCTp,
https://t.co/QXPExNfzfV,
https://t.co/3da3lIVmQL,
https://t.co/yceREpTrN0,
https://t.co/igKn9fZYTQ,
https://t.co/HP15TGo4hU,
https://t.co/nN7eXj6xGt,
https://t.co/dm5NNzDZt3,
https://t.co/95C6JtY2eE,
https://t.co/53eiPsFcA5,
https://t.co/2weCReA3Di,
https://t.co/o5XFxZvavG,
https://t.co/X4Mmme0gT4,
https://t.co/fYxMCc3AM3,
https://t.co/8Vwr4qwEEu,
https://t.co/x8ORpL1DEn,
https://t.co/p9VXGXhSCP,
https://t.co/F1iXP67bEQ,
https://t.co/FbU2kGh2MR,
https://t.co/pDatKkWUgw,
https://t.co/ZzVI9l4MTh,
https://t.co/HWLr8ECDTm,
https://t.co/NQSRc45ksP,
https://t.co/3JZ9DODwbZ,
https://t.co/9KulaXPRSP,
https://t.co/LfvDB38qYb,
https://t.co/xEXk08VURV,
https://t.co/MnHn0PFFs8,
https://t.co/7biKt7aDEB,
https://t.co/JlDTFJcI2z,
https://t.co/kSHkiBcVRw,
https://t.co/UACy0zf6S2,
https://t.co/VK8N4Wstzt,
https://t.co/S0hVnxVN0v,
https://t.co/9h4sbfiWLp,
https://t.co/uUx4d6QYXL,
https://t.co/0ZqFCu2FZB,
https://t.co/6r3XU1B5m9,
https://t.co/QWMkKLBNIn,
https://t.co/xGjw3EQNxz,
https://t.co/yJsWBbKcxK,
https://t.co/NBREbzWkiD,
https://t.co/hYD2UziaB7,
https://t.co/gGFUi7mR2C,
https://t.co/7REghGhNzU,
https://t.co/OPSygn3tpi,
https://t.co/6YVs0NtU0P,
https://t.co/8j6aA2xc3E,
https://t.co/eHQawhzLw8,
https://t.co/kavQK5Eub1,
https://t.co/GScPQrMgj6,
https://t.co/cPaACgBXYn,
https://t.co/8VB3ZrAAIx,
https://t.co/72m76aPK0W,
https://t.co/3cmdyrXbS1,
https://t.co/o3npQEPUPA,
https://t.co/RCZ2zSg8dG,
https://t.co/S1pI5hMkfY,
https://t.co/Z4PufExwZl,
https://t.co/SWtnpYrLXY,
https://t.co/9Lxkx3CGca,
https://t.co/bx6xToNFx4,
https://t.co/PzoO0Bgr4y,
https://t.co/7xZb22R4zs,
https://t.co/ctNVW9lIuF,
https://t.co/YfpnAViMsT,
https://t.co/svi9a3XoWQ,
https://t.co/Zu4NjNU0bE,
https://t.co/DZeDuHltvW,
https://t.co/yM0ecVYBwy,
https://t.co/AGByKorhGm,
https://t.co/1kkzrIvPCP,
https://t.co/ajc9ci8slj,
https://t.co/3cR6atuoJr,
https://t.co/PJ4ZckwRXS,
https://t.co/vNlK3zPj0W,
https://t.co/xNxde8L7DM,
https://t.co/QSSWkVpS0v,
https://t.co/x9gkWo8o1D,
https://t.co/6SVoTZuLqn,
https://t.co/elZirvg3ro,
https://t.co/a40s4OHofE,
https://t.co/rNT8qpPDKY,
https://t.co/faJAruqbJn,
https://t.co/VlIZjBLXLm,
https://t.co/cAJIn1qeLm,
https://t.co/wXaL9wPMG5,
https://t.co/eoFgyLBW68,
https://t.co/95wNZ3nBIg,
https://t.co/TR9w8t0GZy,
https://t.co/TdLb7q4AAy,
https://t.co/iVLclk7hPh,
https://t.co/xJKRzGTdQ6,
https://t.co/RUql1t3DGA,
https://t.co/KC3sKjn2Sf,
https://t.co/cAcf8LEJpw,
https://t.co/QwohwWi9BR,
https://t.co/vveSysRgju,
https://t.co/GutZ0uJu4H,
https://t.co/9uEzCrkgbn,
https://t.co/OYLhGpDGKo,
https://t.co/jmySjE5k2K,
https://t.co/2byZ0S23Sq,
https://t.co/H3aClJrJOI,
https://t.co/c9UZEww8gh,
https://t.co/IeaaxbpbnG,
https://t.co/jzWF8aYNBd,
https://t.co/bXMidY4aXI,
https://t.co/v95iamyFni,
https://t.co/S5C4itD8HW,
https://t.co/ldb4GlHZ9U,
https://t.co/m0ARH6MS13,
https://t.co/UBPv3oMeqP,
https://t.co/6fR2923wrS,
https://t.co/zx1oJvokwm,
https://t.co/wyMdYBX0MP,
https://t.co/u9Kj8XnxdL,
https://t.co/78M0LLjikg,
https://t.co/7x1OW3DriZ,
https://t.co/Hh0aiPg2vu,
https://t.co/0KvdBJBUOj,
https://t.co/OMdq6EqRxp,
https://t.co/lfHFrsT5zx,
https://t.co/282vguA0Bq,
https://t.co/XTrVoKq9bQ,
https://t.co/uFutp96TvH,
https://t.co/J7nqfrz4kj,
https://t.co/JlAZVOMpx3,
https://t.co/NMagwSaFDj,
https://t.co/Guaksx4Ipt,
https://t.co/K5JFukwQUT,
https://t.co/T1ulCwxv1q,
https://t.co/VQW64ofbfe,
https://t.co/FkKAOO29YK,
https://t.co/3f9A5J67Qs,
https://t.co/W5WjkvBPQm,
https://t.co/HIJqc10MYe,
https://t.co/ZRJ0yE7tn1,
https://t.co/B33kJSiq0A,
https://t.co/lUjNGPtUcj,
https://t.co/BFo2CCeAFy,
https://t.co/p0f5Q5KYql,
https://t.co/Pfpsap2IOT,
https://t.co/BGWJujlSTC,
https://t.co/Wd0aem3hBX,
https://t.co/wiqcMWT55X,
https://t.co/vlFXBANl2M,
https://t.co/PIAMO3uYvD,
https://t.co/caKSGwFILn,
https://t.co/yc9aICfazY,
https://t.co/ryR2cuObBu,
https://t.co/Z1ouWc85Ri,
https://t.co/u6TJdOVB8Z,
https://t.co/wGOh4EdN8z,
https://t.co/t1Yg1BWgVz,
https://t.co/jhagPdZVZj,
https://t.co/5ActxdzGTh,
https://t.co/YT4lZFuFHa,
https://t.co/8O7QFR0cWb,
https://t.co/hKhsFwTESL,
https://t.co/LuUwjGeZZb,
https://t.co/mK0A73Tm3g,
https://t.co/muvcwbDQb6,
https://t.co/bZ2Rl2VAzd,
https://t.co/OPnO1trLLG,
https://t.co/XZ4O0DWI9r,
https://t.co/W6PjOIU5ct,
https://t.co/R8UNmyvhWN,
https://t.co/tQv9uASiY4,
https://t.co/MsBgFWlBms,
https://t.co/4ib2UyKSM4,
https://t.co/ieQ3OT8Ze6,
https://t.co/qk3fEGrnTP,
https://t.co/kP9oIF1usq,
https://t.co/AQnfkgDxHl,
https://t.co/NeOFFfFsme,
https://t.co/swnaQ0bjFs,
https://t.co/Byk6U2bGre,
https://t.co/Xj7CWm04Xy,
https://t.co/wzVYRBjrby,
https://t.co/KHgFZ2bW2w,
https://t.co/urC4n8i18n,
https://t.co/XjA3TpWE2B,
https://t.co/jk1uoVxhcL,
https://t.co/Th17ef6n31,
https://t.co/aaBnl4690Y,
https://t.co/z2ggGhwv8o,
https://t.co/P7WnaFVbWQ,
https://t.co/2xA9BI1yXU,
https://t.co/8cPTzifFZk,
https://t.co/y9vuEp2Bpe,
https://t.co/VC5njHqoWz,
https://t.co/tWQ8Mx9TQL,
https://t.co/gQ9yeTe96Q,
https://t.co/I7Mp2DUAFn,
https://t.co/mrhY6IdmRh,
https://t.co/mTHhm7FwHE,
https://t.co/oIs8RUQgl4,
https://t.co/xMLpPgUmVo,
https://t.co/0RRDZJUfm3,
https://t.co/r4ivZskTr2,
https://t.co/CsaSMDllY1,
https://t.co/ghZn3AKGAd,
https://t.co/PD33cwE10U,
https://t.co/urbnAllDD4,
https://t.co/IzdC9oB9wJ,
https://t.co/gSm3eJcXg9,
https://t.co/YpTQBiGmAP,
https://t.co/CLHk4t1ChP,
https://t.co/582xjkFzKS,
https://t.co/zLpgic2LUw,
https://t.co/zyg3HBUCSv,
https://t.co/90zl5TlVa6,
https://t.co/QmNk2udaXW,
https://t.co/Jc0cmzumWd,
https://t.co/Izd5foxv3Z,
https://t.co/vh6xvFYOMM,
https://t.co/DHm17PqbkD,
https://t.co/I8IVDEnyN9,
https://t.co/EndQgYZ9gZ,
https://t.co/TGFkGTmcrh,
https://t.co/EFzoCqiwkR,
https://t.co/YPaWslDJn1,
https://t.co/emoYvkiXq5,
https://t.co/GkZjcaQUyD,
https://t.co/wfgolAqkMl,
https://t.co/2dlHuRHyTN,
https://t.co/8l8XQp0fAz,
https://t.co/hmT9M4Zvi3,
https://t.co/3lJemNICch,
https://t.co/hBnZ4igGHX,
https://t.co/WPQ89JSvh7,
https://t.co/jtsZHTLKNK,
https://t.co/J1rJDLiwg0,
https://t.co/uLP95NqdBJ,
https://t.co/gGDM5bIl2A,
https://t.co/EmwGN2zWhA,
https://t.co/DdWCCTGNyN,
https://t.co/t67OUdsNhb,
https://t.co/eUtwspOZDs,
https://t.co/PMNEa2djXe,
https://t.co/oxnRDEU4bX,
https://t.co/rBxctUA6h4,
https://t.co/egf3YmUX1o,
https://t.co/bplT7d7jU9,
https://t.co/Bl6mGAExCJ,
https://t.co/c4Uref07or,
https://t.co/X8b04b91rY,
https://t.co/LD4R10tPMK,
https://t.co/J01N4AczKz,
https://t.co/93r1jezdkV,
https://t.co/szIPzPPupW,
https://t.co/B5oFmp9TAM,
https://t.co/DfVUpEm2wV,
https://t.co/Oilyh6mBFl,
https://t.co/H0aBawpQKs,
https://t.co/5Cjd4qyIoJ,
https://t.co/Bhu5k9YxjA,
https://t.co/taRKbpLj6C,
https://t.co/KiULyoMc21,
https://t.co/Rw4VefN8gV,
https://t.co/q6gFT6LUj6,
https://t.co/oUFSgkdhp5,
https://t.co/8uNavJrpci,
https://t.co/L4dvyVqeC6,
https://t.co/xNqEJ1dc7G,
https://t.co/4UTgwd8zQz,
https://t.co/Mxy3n95b3p,
https://t.co/QAGutOQern,
https://t.co/ENKbcsr8Gc,
https://t.co/70citpwP0g,
https://t.co/qbGxqKkthN,
https://t.co/OA6ILSkn0v,
https://t.co/S8bTcNmmn1,
https://t.co/CYkNYWe1Nx,
https://t.co/aG3TCPJCwc,
https://t.co/by0KX9k5nv,
https://t.co/rWbx7skCYr,
https://t.co/m8yuiGTFjz,
https://t.co/VyT3H9lxUn,
https://t.co/bMZuzAkmks,
https://t.co/QRdrFOZ1hq,
https://t.co/MYUzKM0mvU,
https://t.co/FykvqwxUMH,
https://t.co/B0Xgcmizl1,
https://t.co/Dcbpe5ljl7,
https://t.co/rY6Sxmz6BZ,
https://t.co/XLcdQG5mbH,
https://t.co/zhT6eIhOCn,
https://t.co/NvvM1eIR1c,
https://t.co/DVbMrOzIXb,
https://t.co/q2IfdOwhcg,
https://t.co/wxwG047xZQ,
https://t.co/rYwG4lc7HK,
https://t.co/FvdfHqEybL,
https://t.co/cYuCLYm7VL,
https://t.co/a1tPYE7ZOP,
https://t.co/itezN6hJq6,
https://t.co/z6Qm4sRdCC,
https://t.co/Mdp6RzlgXy,
https://t.co/FrAv3kcAdw,
https://t.co/hEBSUKJ9hY,
https://t.co/yOszFrZTLY,
https://t.co/r7GbxXJzwb,
https://t.co/LQnDAjxEcv,
https://t.co/MjbeNLhZj5,
https://t.co/mOpIvG0Vld,
https://t.co/WtY73rXC1g,
https://t.co/ghDw6CVUQV,
https://t.co/OCjqnfWWCs,
https://t.co/cZOcWrbfga,
https://t.co/VwcebMkl4B,
https://t.co/Y7OQr3W3o4,
https://t.co/Ky8FqfifRY,
https://t.co/LKcWloMxV4,
https://t.co/UJ9vYwdWpj,
https://t.co/Fyy7jaetCE,
https://t.co/fensDcKVUE,
https://t.co/zS2myIlfvK,
https://t.co/hk8p650FJZ,
https://t.co/fq50urJ96N,
https://t.co/1sFqfmkvxs,
https://t.co/XpL7d3unMN,
https://t.co/vNmnGN8PQG,
https://t.co/AZyD4QYn2J,
https://t.co/4SA5JwUK1b,
https://t.co/jeRpRmIK6m,
https://t.co/Ul2Rroyqjb,
https://t.co/HY6fq0xj0c,
https://t.co/wsJzN2oRBz,
https://t.co/QrzVHBPl4h,
https://t.co/mSDIXy445B,
https://t.co/RSHSX3sUjd,
https://t.co/3xISgqULZs,
https://t.co/fp9gQWbTjw,
https://t.co/vhglNkatnp,
https://t.co/TEJaJ86Tqj,
https://t.co/fa2P1OEMpQ,
https://t.co/FrxT6zSF91,
https://t.co/7vjwvnzFjX,
https://t.co/tMmMFzF3Al,
https://t.co/FxkCLcK4To,
https://t.co/RejO2TE3EJ,
https://t.co/o03jnl5EZh,
https://t.co/q1TWgVorgW,
https://t.co/q6qUieL35h,
https://t.co/MuDR7YjnKV,
https://t.co/bBIL9kpu7h,
https://t.co/Ap17o1Zro1,
https://t.co/I057uEdSVQ,
https://t.co/AUIKOh8QpI,
https://t.co/HspluLjnpd,
https://t.co/VYmJHwsSrr,
https://t.co/UjahAn3tfG,
https://t.co/0W4bflftII,
https://t.co/8D398puxso,
https://t.co/qC1hVTFaBd,
https://t.co/9XJTrHptgr,
https://t.co/dqyUxvUyNg,
https://t.co/pq8GDI8Je7,
https://t.co/8NvjlIw5FM,
https://t.co/ACtqhAFWI6,
https://t.co/lmxVA92Xk7,
https://t.co/iBSDqymsHH,
https://t.co/l3bohRDzkV,
https://t.co/seUdLZ2i9b,
https://t.co/nTavRcbUbY,
https://t.co/ZW0eEVRBeB,
https://t.co/gCwn8nXHOf,
https://t.co/ebvz4O6FD0,
https://t.co/xC8yw6fQ1c,
https://t.co/AiH5HpJBtf,
https://t.co/fFwWjHDKE6,
https://t.co/NYcbbjcdTR,
https://t.co/bEfc0b3zJM,
https://t.co/Z1eq68EWkW,
https://t.co/sAkQbIU03p,
https://t.co/Fi9SMChPgI,
https://t.co/778lR1AyKx,
https://t.co/3XTeBT3kve,
https://t.co/o03jnlngnR,
https://t.co/xfPfSJ7naM,
https://t.co/JwozODwIN8,
https://t.co/skMTeOdtFt,
https://t.co/S74sMEgcXY,
https://t.co/sTxVhNXnlc,
https://t.co/pGXrfKqHSm,
https://t.co/NysVIbqmN8,
https://t.co/aisTkYNqxy,
https://t.co/q64xP5HjhR,
https://t.co/v7ZEMDkL45,
https://t.co/sjX25o5Om9,
https://t.co/cGJHfi4xwT,
https://t.co/RGzaWTg6wR,
https://t.co/Jbp9AQAyy7,
https://t.co/6BaLy1wifv,
https://t.co/FKtmyYwk0E,
https://t.co/zIeBztVve8,
https://t.co/lgHJo6mRpm,
https://t.co/42FyXfSAWb,
https://t.co/gwQrwYnXve,
https://t.co/d8anoRunjb,
https://t.co/xnghTGYqpW,
https://t.co/vAkLWW9rL8,
https://t.co/HiMTAFst1p,
https://t.co/fe9VyvWuW6,
https://t.co/ReW8cAO048,
https://t.co/uzPn8kyw1z,
https://t.co/zfkc3JKZ4e,
https://t.co/IgfE2kBJ2z,
https://t.co/VZvbC0ULi4,
https://t.co/Qu3AE6YULC,
https://t.co/AZwDAe3D1Z,
https://t.co/2XK4Whx1Bx,
https://t.co/SpUxuRkaNg,
https://t.co/A75D2xujXG,
https://t.co/4SBRkYU8nz,
https://t.co/4negoI7XJg,
https://t.co/mhsn5cRhZ2,
https://t.co/DkWn8XekZH,
https://t.co/heMYgX1Ua8,
https://t.co/esFaC75WR5,
https://t.co/VHtnqWCfzu,
https://t.co/YZZ4BjPWKb,
https://t.co/iOieISdcdb,
https://t.co/o9NBc2CBHc,
https://t.co/QO8rCWAgXh,
https://t.co/8SZe00gBXA,
https://t.co/4l8gxXXdie,
https://t.co/Zy5G8rV2nn,
https://t.co/k0GVDeeoMT,
https://t.co/Cgp6wvVywi,
https://t.co/6sakORQrK1,
https://t.co/HOurxMygBb,
https://t.co/kjh9QfQ8P2,
https://t.co/9Mma3mH2xh,
https://t.co/V3yh2jlJgf,
https://t.co/HwmYPAvP4a,
https://t.co/xRTgFh0rHK,
https://t.co/N9lXAHhC5o,
https://t.co/hnHv1sCU5r,
https://t.co/juYZnBxmQs,
https://t.co/WfnvCpw727,
https://t.co/eFFcMieZ7P,
https://t.co/LUAgaauuNp,
https://t.co/mMow7BaK2k,
https://t.co/EeXQcuoL0k,
https://t.co/0trkTGca8h,
https://t.co/oFiU3cZqAF,
https://t.co/5NQlz1pcid,
https://t.co/2wJB4FUrHd,
https://t.co/3kKoOp6uJK,
https://t.co/sKIB9VxeKI,
https://t.co/8Bfdz3g7Ug,
https://t.co/7OFZgzRymt,
https://t.co/CWWSujjLnI,
https://t.co/veOBRaYS8o,
https://t.co/AhWf979BVa,
https://t.co/PoR9qvlmOR,
https://t.co/TWKdGozB8K,
https://t.co/d7CI3cBeRL,
https://t.co/SZed12kO1Q,
https://t.co/aZ3keKZJAE,
https://t.co/77wvNZtc64,
https://t.co/jQzBKct2sp,
https://t.co/kEQoLxHZbG,
https://t.co/AWjT8cSCGa,
https://t.co/OB1tJcqyWw,
https://t.co/jTcQvos6Wr,
https://t.co/UOWTV4mPWH,
https://t.co/Rp6CnDAvMA,
https://t.co/WrwZL4jaUn,
https://t.co/PdZubYERki,
https://t.co/CmB33ksynH,
https://t.co/PQIWO87aDR,
https://t.co/8tDGKpr3Kc,
https://t.co/VzXiCuI2FR,
https://t.co/X0hFKAylWb,
https://t.co/IFTRJNtZc6,
https://t.co/IZm6icoVp2,
https://t.co/aBXO6Yx081,
https://t.co/mkbjUi4wu3,
https://t.co/fRCGnU9Wub,
https://t.co/hUMcWBsiaw,
https://t.co/onhA5RcBDr,
https://t.co/cAdId0UCJE,
https://t.co/LQVHir5Bzb,
https://t.co/bopkmi7PMb,
https://t.co/5SX7NDMfSz,
https://t.co/l5Z0pVeE7X,
https://t.co/zYfKAq9Ggx,
https://t.co/GjbyUu4ZJw,
https://t.co/KMRBKEL7ag,
https://t.co/AzgqV1ZWVv,
https://t.co/HuiaijdTS5,
https://t.co/RX48GNHNDM,
https://t.co/WzKTREONg0,
https://t.co/NVKkOGXHgN,
https://t.co/I4Fup1PsfC,
https://t.co/1yRNNYujlU,
https://t.co/yy3zbGAxuf,
https://t.co/OZwmS6HCXv,
https://t.co/if5uemlJ9W,
https://t.co/bb0z3sWM9e,
https://t.co/zwsZiEJ3PJ,
https://t.co/HFMJWoK6Ue,
https://t.co/HSiMP0Gf4x,
https://t.co/snN2NgUlz3,
https://t.co/xdZ11WuEsK,
https://t.co/7rPVpviT2Z,
https://t.co/4gFw513okj,
https://t.co/Dwa2ZUWu8m,
https://t.co/8PZBIZb1Ar,
https://t.co/AueVNJgxYO,
https://t.co/9VovsRPAxa,
https://t.co/pKFoUz7mZw,
https://t.co/PwjaD0Nlqj,
https://t.co/FDLYTK9P8g,
https://t.co/Se43w2uj2F,
https://t.co/pnmJWI5o1u,
https://t.co/uf49IKRkba,
https://t.co/o7svCXkyyS,
https://t.co/H86wHPAna6,
https://t.co/lplsOsa9EI,
https://t.co/uFTJoAuAVn,
https://t.co/BYJBbmBO3p,
https://t.co/6i19SxEmIe,
https://t.co/iLOvhWYEdP,
https://t.co/zRD9PKdJUB,
https://t.co/WEnUkZcqaa,
https://t.co/32lpZudW6g,
https://t.co/aipoxpNLFF,
https://t.co/QTZGajaLAU,
https://t.co/nx6PptXZrR,
https://t.co/wFC0xsaDjR,
https://t.co/AKB1TUCWH7,
https://t.co/FbGb0ecBie,
https://t.co/PH9kGfEGXf,
https://t.co/4UR4YWEVmE,
https://t.co/SnYqCc5F3B,
https://t.co/qgj3ulNy8I,
https://t.co/HqWa3UmohI,
https://t.co/sBTwt9YzUG,
https://t.co/LhbbPB2AqX,
https://t.co/one3r9SJXr,
https://t.co/TawVsb0BhF,
https://t.co/I5l6xFtXCm,
https://t.co/VBuobbf2mk,
https://t.co/pIAfR8Bh1V,
https://t.co/ZTzVIKY2pb,
https://t.co/OHzy7drWRg,
https://t.co/n4HlX1wnH9,
https://t.co/vljiIqczsy,
https://t.co/uLSTKHsLzT,
https://t.co/lBTv49Wehk,
https://t.co/0KJQP4q9AI,
https://t.co/5YLkbBC2cX,
https://t.co/qwqlxGvo1j,
https://t.co/AsgNzjMjb3,
https://t.co/2ZzVbp3mYg,
https://t.co/lhGukWBBfs,
https://t.co/gptwaXxVYz,
https://t.co/SRaZlbtwcD,
https://t.co/YtLRan1KSR,
https://t.co/yWTsbYyYhW,
https://t.co/4jDRHvKnZO,
https://t.co/hZUz3jYGel,
https://t.co/sVUgip85i0,
https://t.co/lcM74iXZe8,
https://t.co/x78d6pvwsD,
https://t.co/MLjVxgBY9B,
https://t.co/tBrJ6O4nuP,
https://t.co/PQw6YKN96Z,
https://t.co/2nUQcaBtr0,
https://t.co/YvD5TrUTZW,
https://t.co/Osb4Zngdpg,
https://t.co/BAbzawX4CI,
https://t.co/RDquEsUayy,
https://t.co/awWYECgMfk,
https://t.co/kX0OLGAfwh,
https://t.co/B383cWOfFn,
https://t.co/iSmJ9ryGFy,
https://t.co/trVIA1hoXA,
https://t.co/Y3yh1G0w45,
https://t.co/JT7cgTJrlN,
https://t.co/oVNpGq0Er1,
https://t.co/1MpIBzjXBd,
https://t.co/ZiyInOhhto,
https://t.co/xVN4eO2lSZ,
https://t.co/2MY0o82cX5,
https://t.co/rxsX4qogvB,
https://t.co/JzGAhAoJv3,
https://t.co/7zFKpgKP5A,
https://t.co/pHo7rLzykd,
https://t.co/7v3WXgQQbs,
https://t.co/2ohyVdjOfo,
https://t.co/gb74YxP4tm,
https://t.co/IJW87W3ioC,
https://t.co/di4wxpV2TG,
https://t.co/yDBN5ygYtw,
https://t.co/dDaeKV2CEg,
https://t.co/crncMc1ARh,
https://t.co/A04pzlEZR9,
https://t.co/p8guedMbrZ,
https://t.co/FmHOU2zKyM,
https://t.co/esEO16JRYP,
https://t.co/X6gIAKtVTC,
https://t.co/nf8xfRQKiR,
https://t.co/MZ0k8HIq7I,
https://t.co/hJTFZmif6Z,
https://t.co/4APoNKysez,
https://t.co/I3xEgY1FFl,
https://t.co/g8x0r93cdH,
https://t.co/970ZMe24f5,
https://t.co/0BXhCMWXfc,
https://t.co/21mDWLJIiW,
https://t.co/AV2xIBT9XT,
https://t.co/4B5IGY7odN,
https://t.co/pIHKedkRJ8,
https://t.co/GC8ULSEn0m,
https://t.co/TaGBRUvArF,
https://t.co/zzDR3IcnC2,
https://t.co/hYDFKXwT8k,
https://t.co/zUzHPA0nJe,
https://t.co/eej1D1EMXW,
https://t.co/VBA5iCKpNQ,
https://t.co/fm9voo0B2U,
https://t.co/GC1hU565ec,
https://t.co/tTDmVhbcEg,
https://t.co/GZOcujvPDK,
https://t.co/ZJaNiwOwZa,
https://t.co/GIuf5W9y3v,
https://t.co/uoYREDLFD6,
https://t.co/OPaJSv6L28,
https://t.co/tpaCu3J4cF,
https://t.co/n4ia7c2OSK,
https://t.co/BLiK3ZrwqX,
https://t.co/ih0K4c66BI,
https://t.co/2zmWnbxSo3,
https://t.co/zKVi2EB9gE,
https://t.co/djOIjCRocO,
https://t.co/QU53RBGhCl,
https://t.co/3lHsxJUW9l,
https://t.co/jw6AFSneYg,
https://t.co/z5VWgjNjLL,
https://t.co/PSdhj9b4C6,
https://t.co/FQXBYr7GdK,
https://t.co/kx9Mr5qOpf,
https://t.co/wjjv0ADU1U,
https://t.co/IrvT0a9Jfb,
https://t.co/UIFyeAEu8s,
https://t.co/YwSgBNd0v6,
https://t.co/iyU0anDKW8,
https://t.co/N99TXCVxpR,
https://t.co/OYwOXHMIQC,
https://t.co/3Lyoz8DhEY,
https://t.co/MuX4H4ytjj,
https://t.co/ABVBvpoC2c,
https://t.co/iV3OBrXgqf,
https://t.co/xfA4TkfmT2,
https://t.co/s3u2kOmJIG,
https://t.co/3QIG1faGau,
https://t.co/WgHPptX60D,
https://t.co/v1WNx8SUiT,
https://t.co/d7JrPuPJKU,
https://t.co/JivZYLAscE,
https://t.co/5Jx9xCrj3x,
https://t.co/JTJ0de3hGU,
https://t.co/NPhpDW8Rti,
https://t.co/cuPc6ywiDJ,
https://t.co/iwEkbG7nnN,
https://t.co/Y9dFH35oee,
https://t.co/QOlfIPxyI4,
https://t.co/ioLytMO3G0,
https://t.co/jNJbuvb0sn,
https://t.co/23qDqbPcIn,
https://t.co/LO7viZ4mTb,
https://t.co/kcnr9mbTss,
https://t.co/fnn2HorJNy,
https://t.co/vR1ZUzmqhF,
https://t.co/ZYRh1wT3Oh,
https://t.co/7W2Pk5WHRF,
https://t.co/FTx4Y8gcrz,
https://t.co/aRO4WEsCCK,
https://t.co/K2DHMXXGqs,
https://t.co/pEO4SwcGeP,
https://t.co/15uiSleWvZ,
https://t.co/Jx7R8d0EFM,
https://t.co/gwlAwV86qd,
https://t.co/7ZImAbVyhX,
https://t.co/g34dwyQYgA,
https://t.co/pxPbV9bmIU,
https://t.co/1Rp02S3xkH,
https://t.co/UtBIDOqxex,
https://t.co/qcmO53vZHa,
https://t.co/7f6CZDBL2J,
https://t.co/eOeCVzHMej,
https://t.co/6668y3lM1P,
https://t.co/Yw556IhIZ4,
https://t.co/93FBeBeWhy,
https://t.co/w5SR5eew88,
https://t.co/qVy03XHYoM,
https://t.co/jhLUKwibtq,
https://t.co/H3cSHwPfx8,
https://t.co/adktNFgTHt,
https://t.co/PR5IsDo3HL,
https://t.co/rvVRbxgAyT,
https://t.co/pe2ZRUJ6AB,
https://t.co/kQ03ihCdIL,
https://t.co/hvkX0wMTOX,
https://t.co/qwi8OgUbkk,
https://t.co/fGW24PmOj9,
https://t.co/LDaFenj5kO,
https://t.co/tWnwf921az,
https://t.co/901OcrBBFm,
https://t.co/YJYGEH0bFJ,
https://t.co/Xt3E8PE1Rm,
https://t.co/A1MmOcHwmO,
https://t.co/nLulLd2Fxx,
https://t.co/8Iy2dRoauJ,
https://t.co/FDepDMgbrH,
https://t.co/S6jp78jHDo,
https://t.co/untYVVOTgC,
https://t.co/4vut07gQ0w,
https://t.co/lSTLUIWge9,
https://t.co/gJUCzu3ZO7,
https://t.co/VV1ZZJXRqu,
https://t.co/kCIkDw6gSL,
https://t.co/PUrwdobK3o,
https://t.co/GPITadcpg0,
https://t.co/7XI8AM19MG,
https://t.co/76tMwHwKQa,
https://t.co/NmAI9W4shi,
https://t.co/Ct4Dl3I10V,
https://t.co/1Sku3YRc6i,
https://t.co/9D2subyfhM,
https://t.co/HccFDWh45g,
https://t.co/RYQyNXovWo,
https://t.co/p6z1ta8u3X,
https://t.co/njDAYoiv5X,
https://t.co/H77pMIssaI,
https://t.co/LKHg5VjMvF,
https://t.co/O9BL3UUXjd,
https://t.co/X8I91qf0XA,
https://t.co/LTtDejLSQ9,
https://t.co/xFSx21XigN,
https://t.co/JA7IfE5Uui,
https://t.co/hA5tMhogqq,
https://t.co/WMBZQ5DV9J,
https://t.co/DcWvmrbprz,
https://t.co/twiOknOv3l,
https://t.co/ezSu8E2iRC,
https://t.co/juCyCJv4Am,
https://t.co/tgJpAu9Z6U,
https://t.co/wpzuF5wrFB,
https://t.co/DUz20EK3Mq,
https://t.co/Tx8HLFZS88,
https://t.co/qlKcxkXZr6,
https://t.co/v3bmNLMTVK,
https://t.co/mBXsZquE3M,
https://t.co/fnCCux5V7O,
https://t.co/mpBMWLV7JC,
https://t.co/bATo3OlbXv,
https://t.co/kpK0bbDPcy,
https://t.co/ByioIlzzt6,
https://t.co/e9fUDhnUn1,
https://t.co/e9KQWfFCJT,
https://t.co/bWflic96S6,
https://t.co/GL6GxCoXL5,
https://t.co/27lLinxGBn,
https://t.co/Tnjjo2HLOR,
https://t.co/OtOE5C3bzP,
https://t.co/67ZoUI4wLe,
https://t.co/4nfHQD24Hs,
https://t.co/pdUKi5G4Qf,
https://t.co/i7NnZjWgSj,
https://t.co/FY4BqeLWMc,
https://t.co/qdXTbU3tAH,
https://t.co/gyiMOQLAKU,
https://t.co/VQpMmV5OqN,
https://t.co/tr4qVxxQFU,
https://t.co/iZeGu82ia5,
https://t.co/SQbnKNHsUa,
https://t.co/BFvNs2qjjw,
https://t.co/9n1Wug3EGf,
https://t.co/HUhvn7t9g6,
https://t.co/XRJ8uEWTrP,
https://t.co/wiHmjgfRC6,
https://t.co/o8oLfjdJ9j,
https://t.co/mGA23YuksM,
https://t.co/kcGOGihK0i,
https://t.co/K9ysHSzmnX,
https://t.co/2gipiZa7l5,
https://t.co/sPYIWpqg46,
https://t.co/NA0fh2KrQQ,
https://t.co/L9cNAe72Za,
https://t.co/UOilVSwKlF,
https://t.co/QjXSyjQujA,
https://t.co/ZD7XJBulp2,
https://t.co/o0ewODwK2q,
https://t.co/HIjbx9Y1HU,
https://t.co/IxFywwDvHz,
https://t.co/RY8yWeslts,
https://t.co/ZB4reOcPdx,
https://t.co/OMoN7le6WD,
https://t.co/JNvybOt7QF,
https://t.co/2iWQWN8MDw,
https://t.co/E4rNaBjaiE,
https://t.co/ZEPHBVqy02,
https://t.co/QgzZXskUeN,
https://t.co/R9wP9IhR8G,
https://t.co/h8A52v7TK2,
https://t.co/NTAxjJfuLH,
https://t.co/jCz43tExqP,
https://t.co/Sj7bAO9qT5,
https://t.co/6j2jLeaGh6,
https://t.co/KB6RgHPg31,
https://t.co/7aQjKj3K3G,
https://t.co/ALq0AmFTco,
https://t.co/HMfzNZWir9,
https://t.co/ytbuk5XEsQ,
https://t.co/S9JnSEpC6q,
https://t.co/zeSBUP3AUS,
https://t.co/2m1RV2Ezi3,
https://t.co/K94CHVJExO,
https://t.co/zoMklQfjt7,
https://t.co/4W2MdMg4qn,
https://t.co/ge5pmR2Otb,
https://t.co/OEHRbyxNQb,
https://t.co/epW76FcH6d,
https://t.co/BLmcovBVcp,
https://t.co/zZk1vDEkjV,
https://t.co/iFkH3jnyTt,
https://t.co/7MiWoewOWC,
https://t.co/lbGT01zINF,
https://t.co/chl63RXll1,
https://t.co/bPwxTuFTMk,
https://t.co/Qxhq84iCoA,
https://t.co/purFmBNdDh,
https://t.co/r1iA2PcPhN,
https://t.co/f2EOu3Z5tw,
https://t.co/KQ8tcH6uf5,
https://t.co/kYQ5puToQ5,
https://t.co/VRnVmzqYnr,
https://t.co/h0QsCVRVYz,
https://t.co/KFq5yZrcC1,
https://t.co/OEOafvdYAn,
https://t.co/U70Ogh4042,
https://t.co/1nDaornlho,
https://t.co/C5iDKMSF17,
https://t.co/ZjQLegEYzU,
https://t.co/vucJ1Joiaw,
https://t.co/w0Do6gNG5h,
https://t.co/LPRfbrwaPi,
https://t.co/K2C0jzWut4,
https://t.co/Uo6nyatR7E,
https://t.co/lkcPyLL47C,
https://t.co/i2I8ajczj6,
https://t.co/LuY2wajMmx,
https://t.co/fR5okc8TIX,
https://t.co/wefltgwycK,
https://t.co/UoWJph7ToS,
https://t.co/8uAvfyMTro,
https://t.co/OB6semb6eD,
https://t.co/2tQWCh9euV,
https://t.co/sPfE8Nsg01,
https://t.co/YnNSZsTcp9,
https://t.co/dJkpycFAPl,
https://t.co/C1KlLY8OAH,
https://t.co/WnKKmiblVc,
https://t.co/Q6eJeXZoKa,
https://t.co/6n4ZeDBlKE,
https://t.co/RnWaimz2UO,
https://t.co/qh5MKQrYY8,
https://t.co/0JljkuvzZj,
https://t.co/oKu5bkxsEm,
https://t.co/uWlAHJpm6N,
https://t.co/kDDTNfkWw1,
https://t.co/oa7mswcfVH,
https://t.co/5Nuv5HBa17,
https://t.co/vtPM9NPV2b,
https://t.co/xFeOjJ3kYx,
https://t.co/ms7rCyB5Rx,
https://t.co/c18W5H1sfC,
https://t.co/QzE7scgW06,
https://t.co/XbzdOCK4pL,
https://t.co/JsJDKAzJQn,
https://t.co/SzOAbIFRCj,
https://t.co/SIu240kTN9,
https://t.co/VriRfcipeU,
https://t.co/h66vOV8XZ0,
https://t.co/WU41uMtu21,
https://t.co/W8JcX1SXdI,
https://t.co/Us9RlieySl,
https://t.co/o4QnQAObYg,
https://t.co/BdLUVqIhCV,
https://t.co/v8bsH9BnPG,
https://t.co/19FDk2HiqB,
https://t.co/7kmHaSYAkq,
https://t.co/3BxHVZVaLP,
https://t.co/DWXIgja1Ke,
https://t.co/S0tCEIzKZR,
https://t.co/wNqb777w2a,
https://t.co/NRMrhbxxMD,
https://t.co/CVKJtlRFAI,
https://t.co/FUBJTyEbrg,
https://t.co/BKhUcY5ofg,
https://t.co/j2Kzm39a1O,
https://t.co/X8cqdQlcT1,
https://t.co/ch3gwpe0Qa,
https://t.co/tsZ8HIvC6L,
https://t.co/PUOaZVUjAj,
https://t.co/VlnZ9yXAYX,
https://t.co/OEcqwB4Nun,
https://t.co/9Z35u1ufie,
https://t.co/d7J4xamcsl,
https://t.co/VE3KfSARbF,
https://t.co/iSKi9uYfjr,
https://t.co/K3jrKDMc2S,
https://t.co/CyOR1U91rB,
https://t.co/nAI0FppUKg,
https://t.co/LRvdv8qyU1,
https://t.co/DSB2HBWwN3,
https://t.co/lRfuAJXuCE,
https://t.co/cpzpPQtwPT,
https://t.co/jsntgh7gEE,
https://t.co/Qkx6CB7xcq,
https://t.co/pCJs6OVCZA,
https://t.co/FZdphkjf1Z,
https://t.co/d4HRGSmkBn,
https://t.co/meVdU0WAlH,
https://t.co/D1BSmw87z2,
https://t.co/dyiPvSX4hQ,
https://t.co/xiij47Kh73,
https://t.co/iPPBKCxjms,
https://t.co/vHC1GA7RQv,
https://t.co/39QCMaih68,
https://t.co/M4yvZussjV,
https://t.co/kgM1QVm3su,
https://t.co/eWIJWVlIJW,
https://t.co/6BG9udNMt3,
https://t.co/zJGRwO5oBm,
https://t.co/U2jsWsiK87,
https://t.co/Mb4JZnsFhw,
https://t.co/42SzLbIDRT,
https://t.co/PvL9vKLNo5,
https://t.co/WDHAcbTEhT,
https://t.co/fRDub3dCSl,
https://t.co/35J7xFPvYj,
https://t.co/k49ztPkDS6,
https://t.co/6aLK2rCrgt,
https://t.co/O38C9aPi5a,
https://t.co/u31CdoBfFC,
https://t.co/vNqv0TLiit,
https://t.co/bUi9Q1oyGU,
https://t.co/Agd1Sc5WjA,
https://t.co/ecOtJGYWOx,
https://t.co/NnkVDbm7bj,
https://t.co/6cg0ZZtnBO,
https://t.co/JG9NrAxoPd,
https://t.co/yGmic0ZXmG,
https://t.co/EGuHFTDzKH,
https://t.co/bBdR1qPhhq,
https://t.co/RIVT5RiqBE,
https://t.co/t5sEuVn2dg,
https://t.co/yvmEG5Ltx6,
https://t.co/pVOTCJHsxa,
https://t.co/Tc6cz0XJfJ,
https://t.co/wHO7HVBQWo,
https://t.co/SnQop1Tylk,
https://t.co/ilA6g6RASJ,
https://t.co/vIHptfGTrH,
https://t.co/3ndv8hI95X,
https://t.co/suy1nhVKRG,
https://t.co/3hrEgPqs7K,
https://t.co/ttAOeqVOFC,
https://t.co/QWtDKlR5mx,
https://t.co/kscjVX34bZ,
https://t.co/jWRR8DfVYs,
https://t.co/FmisGQTwrK,
https://t.co/DEgT5rRfwa,
https://t.co/Av7lwwUtCQ,
https://t.co/3eEZ5rddnD,
https://t.co/Q80Vlix9Gn,
https://t.co/I2x9XYrHLJ,
https://t.co/Hqvn1cJl07,
https://t.co/ClHfL0rAfv,
https://t.co/NdnDCFUaIX,
https://t.co/mlOaBjPK0e,
https://t.co/DxIxGGL84G,
https://t.co/WMopPsRIrj,
https://t.co/fW2WIno4Zo,
https://t.co/wiDJ6WhVsT,
https://t.co/8RFzYlZZ8f,
https://t.co/WScR8tRqwX,
https://t.co/F05X6gJcIr,
https://t.co/w1Kh1N0PWN,
https://t.co/o6O1YtH7Np,
https://t.co/oJzXhR1FUi,
https://t.co/HyGrqcE5fZ,
https://t.co/merkezHakt,
https://t.co/6LH5ujKVF8,
https://t.co/CtSG2eiKc7,
https://t.co/Wqgy358ZBF,
https://t.co/55pa3jYrSl,
https://t.co/0BnRqglbn3,
https://t.co/4o992GVcud,
https://t.co/RMecB2DUpM,
https://t.co/MOPTJBL03X,
https://t.co/ojTi3vqTNZ,
https://t.co/9y07MU1kAt,
https://t.co/19mmX7qoBv,
https://t.co/SqN3BW8oI6,
https://t.co/d2dlDkuZM7,
https://t.co/KWwGvaS79c,
https://t.co/5nyjPZyoQC,
https://t.co/7z7UkRUyIc,
https://t.co/amra5PGXYQ,
https://t.co/PYwx2qOmWS,
https://t.co/Nsr6Cw9UGn,
https://t.co/8jUijUfZQg,
https://t.co/pEPGyr2M3f,
https://t.co/lomc2fllEr,
https://t.co/XeY2tKrY30,
https://t.co/tyRxtpyBh4,
https://t.co/SJqGtB38Ja,
https://t.co/8woJEnzpka,
https://t.co/azxVgSDtAR,
https://t.co/c5cKiTHPJd,
https://t.co/kO1nEG98gG,
https://t.co/IU5muUuVYY,
https://t.co/DfCSQPofOi,
https://t.co/RGEgM7K1m6,
https://t.co/jO8RvToYCz,
https://t.co/PCLlgDaXb6,
https://t.co/7GrRO9a8GO,
https://t.co/42VPS0rFQz,
https://t.co/CDtkyWVFII,
https://t.co/X9D595wher,
https://t.co/e09HSfYWxr,
https://t.co/1FTAqjEHpa,
https://t.co/eQKBNmsWEP,
https://t.co/62qEXMGawC,
https://t.co/UFcDj32RgA,
https://t.co/68A6tCNSSR,
https://t.co/80CRZIsJTp,
https://t.co/PatiN6GBi6,
https://t.co/qaIpf0YFm1,
https://t.co/Jr66wE74gn,
https://t.co/VtNxnIt8H5,
https://t.co/x6l659PALU,
https://t.co/w95m7OEYpU,
https://t.co/AaQAOgk1uT,
https://t.co/HY45Ysg6Jw,
https://t.co/UJv0leQyhb,
https://t.co/BC2RN7MpBy,
https://t.co/yXbBwSE6FD,
https://t.co/KGSGsggpPE,
https://t.co/AUnvZqHEJK,
https://t.co/IluZzQH04z,
https://t.co/IpdQvMJLQy,
https://t.co/NeImp3PcsJ,
https://t.co/LaVhQFGsLZ,
https://t.co/Q2pVL6cVZg,
https://t.co/uMUQu4m9Qc,
https://t.co/F5SsZGudrM,
https://t.co/UqsSmEheI2,
https://t.co/Sza3LQPHCF,
https://t.co/x45Vv16Tlm,
https://t.co/6lVKieFLEh,
https://t.co/MhZmcr3VyI,
https://t.co/TZXYq52S0q,
https://t.co/IcYVYjg4zQ,
https://t.co/zMclLkJYTd,
https://t.co/OhFfW4zVRX,
https://t.co/AWraTuY4ZS,
https://t.co/qhfFzJnnT2,
https://t.co/rRauln0UWc,
https://t.co/h30ZQ9BxLw,
https://t.co/VGCm39rYRh,
https://t.co/sldE19UIv4,
https://t.co/8opG9E3DqY,
https://t.co/e1LXedQzD9,
https://t.co/pqmmGJMaAN,
https://t.co/iwF06tiVS3,
https://t.co/aW8g3HSEFz,
https://t.co/1HtQQ66ph7,
https://t.co/g1Dac5JINQ,
https://t.co/YV3sZLFSka,
https://t.co/kLGGHQpIGm,
https://t.co/4g9DWWx9fr,
https://t.co/U5ywWm4yfA,
https://t.co/x4uSpKVqg2,
https://t.co/jDQrVzRHsl,
https://t.co/8KopCG97k0,
https://t.co/CuvH9CH7eJ,
https://t.co/w5MeLV96zh,
https://t.co/aEf30IWsHM,
https://t.co/quEUhMWMKJ,
https://t.co/ExaMWs1he2,
https://t.co/L1GZmEW6Vn,
https://t.co/tData9zoUL,
https://t.co/y3T9adUNOE,
https://t.co/LZ6xi3KfCP,
https://t.co/ClI8ghFYeL,
https://t.co/z8fXozEcOx,
https://t.co/jrzAnH7QcU,
https://t.co/vhxH1ZXTuU,
https://t.co/zaAOe5dEzm,
https://t.co/Sbts7VPCdJ,
https://t.co/ycaBpKOqGs,
https://t.co/aCyrZjoGhO,
https://t.co/TEzMulkaL5,
https://t.co/hto6fO18Ze,
https://t.co/vBwigSTQ9K,
https://t.co/tFa4hWp5wq,
https://t.co/NmwL97NtBG,
https://t.co/Bf3yJisK8D,
https://t.co/jc9DrGRg6g,
https://t.co/Fx5Fy8rRvF,
https://t.co/cCpVWD63Hm,
https://t.co/RizNYOmA9x,
https://t.co/pOgo9BTnSO,
https://t.co/ZaHeJt9UH4,
https://t.co/8tzuV12zPL,
https://t.co/ml8TImlASq,
https://t.co/0RPblgbyWN,
https://t.co/bwPkefFgjw,
https://t.co/dNOijxG1xv,
https://t.co/84u4Xdxnny,
https://t.co/LcW3yAvZm7,
https://t.co/x9ksjlZIDm,
https://t.co/GgyDTlO0sD,
https://t.co/PVwxaxahg5,
https://t.co/J6f5A8CyVy,
https://t.co/PqaqdxwkOr,
https://t.co/nPRelVQow4,
https://t.co/atgertZq9u,
https://t.co/oSpQFRCORz,
https://t.co/MuJ70IBFog,
https://t.co/ij0dNZvtbX,
https://t.co/zYmPmcXgAL,
https://t.co/seHm3Z8lpc,
https://t.co/F5QfsUWr58,
https://t.co/iHyNqFwwt8,
https://t.co/niVsmiFrL4,
https://t.co/NxrQUyJvIP,
https://t.co/5Js1y2RQH8,
https://t.co/Dwo5z3gAIB,
https://t.co/dSeeHyqNXV,
https://t.co/j3kfkJxFWx,
https://t.co/Zk2B5XQYYP,
https://t.co/8XeOWCZFOe,
https://t.co/P1gHF0wcAW,
https://t.co/Pv7g7zqR1w,
https://t.co/9tAdLeAlt1,
https://t.co/jBTsX1Pj1N,
https://t.co/WJxgA4XMon,
https://t.co/JOw82RXwK9,
https://t.co/7OuD8cKz4b,
https://t.co/mTzhY8sJX2,
https://t.co/mChXLbbaqZ,
https://t.co/Cl5olwewWK,
https://t.co/xBZrbGHHF5,
https://t.co/PmnsO98TLI,
https://t.co/UbNHqV1zWZ,
https://t.co/iK2RvwJxG5,
https://t.co/IjBbbExMb3,
https://t.co/2mWqVt8aSd,
https://t.co/0MKa1bOXLU,
https://t.co/YBe2dKJ4d6,
https://t.co/JuG6ethONR,
https://t.co/hw7YtNTS8o,
https://t.co/RGYEvfJ2QJ,
https://t.co/BFnWo3H4CD,
https://t.co/7I6qr9tM9Z,
https://t.co/vgBAnvHJ3S,
https://t.co/x03fTiKGAx,
https://t.co/YEq6rr0QdV,
https://t.co/Q2yNbV8PX8,
https://t.co/le5C8l1oVv,
https://t.co/vRoxMzeLjk,
https://t.co/zccAh7x8z0,
https://t.co/JwD7PYgrac,
https://t.co/6hHFPfrCLh,
https://t.co/mCu1YMAYAS,
https://t.co/dHLRokOnMm,
https://t.co/gcc57vC3kK,
https://t.co/pyTUdZa8Yt,
https://t.co/J8toMS6c9S,
https://t.co/uV9Te2UTUF,
https://t.co/vuQxHFCMRg,
https://t.co/Tfif9EsyEQ,
https://t.co/xDJApqPuNb,
https://t.co/KoC6gKrg6J,
https://t.co/ECerZtKkhi,
https://t.co/f7hThFZMSB,
https://t.co/d9aqNb8QM6,
https://t.co/X6xVDUcUmF,
https://t.co/XYvQZuyPqs,
https://t.co/ogqnMX5EsI,
https://t.co/klnCkJ66vJ,
https://t.co/JxA13VeEzt,
https://t.co/eaC6uUvCMq,
https://t.co/Y8z2pnVhhD,
https://t.co/Th0Ac8J24g,
https://t.co/jeW8Z8FSY2,
https://t.co/FdPjT33Wlh,
https://t.co/BbdKdol2cy,
https://t.co/CK5jQDeUne,
https://t.co/KoDTBIcqhG,
https://t.co/Dz3uL4YTH7,
https://t.co/lUKQy5z0lI,
https://t.co/34Yj9QVND7,
https://t.co/1ZN9hUkVDk,
https://t.co/mJp8HEUp7S,
https://t.co/Y9NaUmxPwm,
https://t.co/VBNT2Qxj69,
https://t.co/dFucZMrip5,
https://t.co/iYYDvlbml5,
https://t.co/3Yj51Rpfkf,
https://t.co/8D17swWS3o,
https://t.co/Mxiz8zRBP5,
https://t.co/BfMOwqtcHZ,
https://t.co/31DuzFfdfg,
https://t.co/0Xl3IahW43,
https://t.co/O6U7tH5Z2k,
https://t.co/uNpDv6YbbT,
https://t.co/WMSuRyt2Cy,
https://t.co/RFo9IVCqkF,
https://t.co/SKQBxQpptJ,
https://t.co/48tKGRlYNc,
https://t.co/97XtHgjpAt,
https://t.co/5zQTFk6fGb,
https://t.co/rNmbG3Qlsg,
https://t.co/ses1CKTasY,
https://t.co/qC96AYrFiX,
https://t.co/oDAnsogwXJ,
https://t.co/UD2iRoEyrF,
https://t.co/75QviIEEAp,
https://t.co/yYL5Ur15gV,
https://t.co/22BskNV2gO,
https://t.co/sMIByQ0fqz,
https://t.co/62kaVzex9E,
https://t.co/ynpzhJ72uS,
https://t.co/mWKSQoLCXG,
https://t.co/ha7X5HbSFt,
https://t.co/T8VWckj0KQ,
https://t.co/V9dXRbqyRf,
https://t.co/OqjvdWDx0I,
https://t.co/yKt2bw4IlE,
https://t.co/Pj2q1kZ9Iq,
https://t.co/be1jEHqoFJ,
https://t.co/b7Ex9bhQq0,
https://t.co/nopdlj0PiE,
https://t.co/t19gdAsMKx,
https://t.co/lSaJVko33Y,
https://t.co/qwNEhg7kJJ,
https://t.co/4d42B6Qol1,
https://t.co/QAVUEwBIB5,
https://t.co/P8bxYGuRnd,
https://t.co/OdbdYcMng5,
https://t.co/0w8avZLcc4,
https://t.co/rbLp0XYjZm,
https://t.co/UX8QnAS4Fv,
https://t.co/5PWVNy61BQ,
https://t.co/ePhMBBW5Ng,
https://t.co/4Fxz1M1bWm,
https://t.co/QN8SyfC4yr,
https://t.co/5smpKX99IU,
https://t.co/N42ajjbZEL,
https://t.co/Gr83h1W5gi,
https://t.co/skjpbOavCc,
https://t.co/ehLYZFcQ7G,
https://t.co/ibjJNfkeuZ,
https://t.co/EOfQzsjYA8,
https://t.co/imngizFiIn,
https://t.co/q6ZG7Js0tn,
https://t.co/nWElLBJ0NF,
https://t.co/5tn8feR1Ys,
https://t.co/hYQnBmcikZ,
https://t.co/mS9MumL5AB,
https://t.co/tJRmXeMezd,
https://t.co/GGuh8LALgs,
https://t.co/73QHX0DdXj,
https://t.co/AmgMf9KpIn,
https://t.co/DsZeFFZfZF,
https://t.co/8za6XgaNdF,
https://t.co/ebIXVmdYfc,
https://t.co/bSB3OCRfLt,
https://t.co/eqFCeVSo7b,
https://t.co/xEXuQ1SdaF,
https://t.co/ijbsudnzpC,
https://t.co/ss1wQIVk3r,
https://t.co/sM9SEIqvBi,
https://t.co/yV7RJM648c,
https://t.co/qZttWt3NAW,
https://t.co/yFfeIz9rFn,
https://t.co/lnChu6sj3o,
https://t.co/0GGy9LkSOD,
https://t.co/alIKBomu51,
https://t.co/DDnGglMJXJ,
https://t.co/I5Z1dA1Gul,
https://t.co/OudG4SR6QK,
https://t.co/KIanc1BKRy,
https://t.co/QXlskKhDc5,
https://t.co/NYCaZAzqN4,
https://t.co/F8L5NN7UHk,
https://t.co/OO2ufQAWJ6,
https://t.co/lM4LjldQAD,
https://t.co/6aTgvaBkMN,
https://t.co/qDOEE3DsqM,
https://t.co/Q6PiA8EPj9,
https://t.co/uqCKi7xQ8P,
https://t.co/CTK0HhXvBh,
https://t.co/YSYfoerEkl,
https://t.co/ybVu6fkH6j,
https://t.co/B88lsJfahs,
https://t.co/6z4OQtqAyB,
https://t.co/DRZujNr9bu,
https://t.co/yq7hLwQf28,
https://t.co/2mmB0gcaOo,
https://t.co/53BYAGrEdJ,
https://t.co/bpCxPus9OH,
https://t.co/UwEABpItUr,
https://t.co/FHmlQg2Cc6,
https://t.co/2KEnyEmcp0,
https://t.co/0pU5NkC9yC,
https://t.co/8L4lq2li3a,
https://t.co/qcMkhxkVco,
https://t.co/YKwiRx5swu,
https://t.co/2xB9lNx7Ka,
https://t.co/mGZc5Aay2y,
https://t.co/s3LGEFS7Jw,
https://t.co/mZFykSDolB,
https://t.co/4YVEgJAuwh,
https://t.co/GQeMm7bRTQ,
https://t.co/4X3KPENSIU,
https://t.co/tFbOkPBsnS,
https://t.co/VbZuXEuqiM,
https://t.co/JAyWRxzMtY,
https://t.co/brEz2T6xCu,
https://t.co/qSPnficHKW,
https://t.co/PY7Fenm7pz,
https://t.co/Shwm69k4kG,
https://t.co/uaBVVeWD0K,
https://t.co/4BEgkSIjsG,
https://t.co/0J1qgcdU27,
https://t.co/Zbxig4Lw0t,
https://t.co/p1zZCUTkQ5,
https://t.co/liBBFWKzvW,
https://t.co/pufnyBaw3w,
https://t.co/yLCH3mvN2d,
https://t.co/cRAMCwp8WQ,
https://t.co/PGPTjvv0YL,
https://t.co/LwlCJbg218,
https://t.co/3AYWLKfpKd,
https://t.co/McNvifm68L,
https://t.co/Y2DebDzRQi,
https://t.co/8qzysaumeU,
https://t.co/KkO8qGCd5X,
https://t.co/9iUBklj17J,
https://t.co/76sAuSeF2W,
https://t.co/LlG4iAbFbr,
https://t.co/rr540v70LF,
https://t.co/Z3yYvpQs1j,
https://t.co/YK9c3t5szw,
https://t.co/llmLWaMf3C,
https://t.co/mUpQtzrlTM,
https://t.co/tRE260mJd8,
https://t.co/Q4CLDYz0ts,
https://t.co/RIVFEaMHpN,
https://t.co/nJtOAeCfKr,
https://t.co/Vab8uS4UzU,
https://t.co/8lym531Noy,
https://t.co/40Wr0hBNNd,
https://t.co/PEUJrQuEqh,
https://t.co/PRlyeWrvkF,
https://t.co/A2mcEVNplb,
https://t.co/yszuSYsDqw,
https://t.co/UIQOCzjC38,
https://t.co/w72HKTGJwO,
https://t.co/iP3nxEuvVW,
https://t.co/ZeZcyto9RH,
https://t.co/tNi6s46umJ,
https://t.co/yORgSvDA7K,
https://t.co/GVdjf1fXjj,
https://t.co/DZK2eLzapg,
https://t.co/w4u33XgrUN,
https://t.co/3vUQRfUmic,
https://t.co/jze2RCcOey,
https://t.co/mRGNv3FTKA,
https://t.co/C6lfVVEPvT,
https://t.co/EVxO0vBy5u,
https://t.co/UXG5P283dd,
https://t.co/xB5YnUv37k,
https://t.co/8Q295Tc9po,
https://t.co/o9NKhipmFe,
https://t.co/JyE91LjsuO,
https://t.co/Cy9RmxuiwO,
https://t.co/TyeDFCzsXr,
https://t.co/pUugtd9dsk,
https://t.co/xYI9YfwIws,
https://t.co/7OsmYADf3Q,
https://t.co/EaqWhIRcKA,
https://t.co/ZwmuOgDCuw,
https://t.co/uGX0UoQOSm,
https://t.co/3JLOz1lBKD,
https://t.co/7A05cGpdg3,
https://t.co/wQwJ2e3EuY,
https://t.co/JdgegdLOan,
https://t.co/JMDW45NZWM,
https://t.co/8aaQXzfALD,
https://t.co/QoSb7s45OD,
https://t.co/ARghlDqss5,
https://t.co/fFrvLFBO6B,
https://t.co/8JNsPWbRxt,
https://t.co/sGSBSM5jRQ,
https://t.co/qrMRDFZe43,
https://t.co/9vKWdc1DvE,
https://t.co/aAAhbjTcD2,
https://t.co/l1W6FdQuRp,
https://t.co/FtsILgIjUM,
https://t.co/OmmZAJ4wX6,
https://t.co/Bz8ZZOGVTT,
https://t.co/WvCP1QytXi,
https://t.co/pdnCkEtfVj,
https://t.co/eHc8DOVVm2,
https://t.co/JGdYkmGyvn,
https://t.co/GFRh4FqWyJ,
https://t.co/FY4XZeevSv,
https://t.co/edO9ZDoDms,
https://t.co/xrfx5IAkTn,
https://t.co/rP2EAHkFnv,
https://t.co/LB7SBxS6w8,
https://t.co/iUyrVJ01W2,
https://t.co/Uh2X2yiUjo,
https://t.co/ZTTNm6tb4M,
https://t.co/rDNP7sxrDI,
https://t.co/QwMwoFPedr,
https://t.co/y2MAmoxotM,
https://t.co/10XLv8wNRh,
https://t.co/91kQMMAfhH,
https://t.co/0sHRs6c1Im,
https://t.co/4XcsTE3So7,
https://t.co/RiQhsNBfsf,
https://t.co/Rxgr7RGWkV,
https://t.co/aD4cWMhNoF,
https://t.co/5XG9BsLM2Z,
https://t.co/3ojyRQ2on2,
https://t.co/2EAdlHfoo9,
https://t.co/O7OXfMA3wi,
https://t.co/tuN8l3cL3y,
https://t.co/CFVlU9JfVw,
https://t.co/Jq4BCwaP07,
https://t.co/mQ4HSjoEBS,
https://t.co/iLWe3qhj42,
https://t.co/GOpu7fB42b,
https://t.co/x6lShqX6aW,
https://t.co/wtyDce8KtY,
https://t.co/Zdr2Xa4z4A,
https://t.co/jt7w1Fa2uY,
https://t.co/CYBcliBuEP,
https://t.co/5ilTSbV2zZ,
https://t.co/hmoXp8L6jx,
https://t.co/Nv4ZBk2x9U,
https://t.co/n8cpGSJPnZ,
https://t.co/D3xvBo9fAS,
https://t.co/Kv0WOGCnwX,
https://t.co/V57duuZrHg,
https://t.co/oDLIJjULtt,
https://t.co/5yZAY6szaj,
https://t.co/lyMLLP2sdO,
https://t.co/09JthVoMlW,
https://t.co/qhnqi4iPh8,
https://t.co/9Eh5Hbdct1,
https://t.co/EMFh2nTHJh,
https://t.co/Bdk6MvqmbE,
https://t.co/Ja5HT93HSU,
https://t.co/IKXGg0uP5V,
https://t.co/r23AUc8JHh,
https://t.co/uVh6zSZMMf,
https://t.co/pzNtNSRZNe,
https://t.co/4fppxc9PRD,
https://t.co/FSyDMaYePf,
https://t.co/P2DueTUn98,
https://t.co/15c3dFhZq2,
https://t.co/sJg8UW9Tdg,
https://t.co/rUmlpRBxBN,
https://t.co/5GqQzMZmTG,
https://t.co/5xcfEkmyPp,
https://t.co/Y21krV59KG,
https://t.co/evZDk0Kh3b,
https://t.co/77VyVMXckd,
https://t.co/3A2OOPFJ5J,
https://t.co/QliKd06p2e,
https://t.co/PZsjgTGOru,
https://t.co/Ayk59c5MZc,
https://t.co/sviKnCIe1O,
https://t.co/3M5nJ0IC1S,
https://t.co/h5veliiXTr,
https://t.co/KaFHJHZHL8,
https://t.co/PDBXniFPK8,
https://t.co/2YBqz4M3tQ,
https://t.co/eoixnLgGvw,
https://t.co/VUcC6QXSps,
https://t.co/DG4foIMDCI,
https://t.co/xcKcvAVnuY,
https://t.co/f9UOQvCHX1,
https://t.co/ZLuF7xcfGA,
https://t.co/0HqOYIg2z3,
https://t.co/ihp3sPGEZb,
https://t.co/doHPDTJIVy,
https://t.co/gUeVTYBrxX,
https://t.co/Bmmornaqpi,
https://t.co/kkGPg0XE6k,
https://t.co/iaP70cS3Pw,
https://t.co/Twgi7JwTia,
https://t.co/z0OLGSCrzb,
https://t.co/dqBthJVWJm,
https://t.co/xKS7RuQjMj,
https://t.co/rm7ViJB2w9,
https://t.co/wfDMXlsRx0,
https://t.co/w3P6r2gKz4,
https://t.co/2Zsk44HmsC,
https://t.co/ERMTDc1Mm3,
https://t.co/9ZvuVn3emq,
https://t.co/k831LvXe4F,
https://t.co/N9WfNcfj0u,
https://t.co/rsegDQZHzP,
https://t.co/k7x24yyLA9,
https://t.co/LfbEedm7gS,
https://t.co/9AKz5Q4Oxu,
https://t.co/86hByO4Al8,
https://t.co/3024WRakG6,
https://t.co/ydnS4cWdYU,
https://t.co/xFYuRoeRiu,
https://t.co/wa2m4VwnWA,
https://t.co/0lWVI1z0YB,
https://t.co/MQAYtMDNVO,
https://t.co/PsU0xphkgC,
https://t.co/keciVZog8s,
https://t.co/ImjuUp8Nzj,
https://t.co/rWkhpwyvlB,
https://t.co/YVu8041xtm,
https://t.co/arUvqoufKD,
https://t.co/1zSf7dC29u,
https://t.co/dv9t6QzaWS,
https://t.co/fUYlQuIlSr,
https://t.co/kqLQSz0WL3,
https://t.co/pSbb89etmm,
https://t.co/biwDoSVnGd,
https://t.co/JnHyrBfzsX,
https://t.co/jhx1v9vIKh,
https://t.co/1B5kAm4gWf,
https://t.co/1Iw5bBqQlA,
https://t.co/ehlIb4DyIg,
https://t.co/nYf4Xiw64X,
https://t.co/55Q4rcXmuh,
https://t.co/uSRTZOqSZ6,
https://t.co/qG5DfmXe39,
https://t.co/1sIi8D0EDq,
https://t.co/EVn07C1Day,
https://t.co/RdQYAW391W,
https://t.co/brTSOnP3mu,
https://t.co/fETJlOFPZz,
https://t.co/IfNMyu1ydk,
https://t.co/nAKia4BS7U,
https://t.co/cpblcEeEgJ,
https://t.co/XHcJXsUavt,
https://t.co/rcZ6JxGGig,
https://t.co/9EmTwgHktG,
https://t.co/v7yk7UZm5F,
https://t.co/ZR6akTBglM,
https://t.co/EbS4avUNNz,
https://t.co/Zbk9I7UMYv,
https://t.co/EewBxkXmcY,
https://t.co/3tFSqsafGw,
https://t.co/gmSBLQRbiL,
https://t.co/PyadyEHULd,
https://t.co/es5qmvP8Hz,
https://t.co/t4n4RiibBP,
https://t.co/jZDF1pTfZc,
https://t.co/Bbyq3KSUYc,
https://t.co/gU6ZRgjzj1,
https://t.co/0mOd0Pl54H,
https://t.co/h7BRYsVkkU,
https://t.co/8AXAaTqTGO,
https://t.co/ufPoCOJAUs,
https://t.co/qvxgrNS3mu,
https://t.co/sqm60MzWI8,
https://t.co/jiM6PCylU1,
https://t.co/eSLUrF6l94,
https://t.co/KoAQMyVzT3,
https://t.co/kL0CxUQKYC,
https://t.co/29OtW9O2hF,
https://t.co/6u6W6vir9L,
https://t.co/uOB51GRr2t,
https://t.co/z3J0Z3d3WR,
https://t.co/EdYrxQ2fbr,
https://t.co/vfgOtYG7Nf,
https://t.co/aXSBPd8vfI,
https://t.co/3uRge4nmRy,
https://t.co/HpLjK9eRAU,
https://t.co/mvxDlPONa2,
https://t.co/fT7Q1juvV2,
https://t.co/GiIxKknojC,
https://t.co/ycp20UZltE,
https://t.co/ffzvOFlMRy,
https://t.co/tzTgvCb1kI,
https://t.co/vXQSnVAn4l,
https://t.co/sG9ZM6RbbJ,
https://t.co/z8JfMer2o3,
https://t.co/zJGe6xpS2F,
https://t.co/taNl30Pbyi,
https://t.co/fnvQYzRWDj,
https://t.co/2wtLviKXRg,
https://t.co/U6vHLLY5ZU,
https://t.co/klpgRY24OC,
https://t.co/NhbRxDrCqY,
https://t.co/Uu2B7hXEU1,
https://t.co/9hh7wdatKM,
https://t.co/1Urf6SsxPU,
https://t.co/zmZWqSbbyi,
https://t.co/uqLkyreqkD,
https://t.co/wiJZm1qw8s,
https://t.co/wleik8e3TP,
https://t.co/5B3Z0QjsgQ,
https://t.co/8ojWfdLmrw,
https://t.co/aCTnzwg9CO,
https://t.co/0ifHE9Ms8m,
https://t.co/xTdGP6cAJi,
https://t.co/7TpoQViDw0,
https://t.co/RYA4ia7SBX,
https://t.co/CvaO6ttMX5,
https://t.co/62ZcP8Tq6Y,
https://t.co/sMpVQtoKwm,
https://t.co/7ZpUCurxJ5,
https://t.co/c6a9KX5Y6K,
https://t.co/F2rmhOCMS4,
https://t.co/EFTF5mkCGN,
https://t.co/jTJqXKlcdP,
https://t.co/X7K6FjhzSS,
https://t.co/q5DQyHFblx,
https://t.co/mVFUaVAknm,
https://t.co/Slyxo1ucJn,
https://t.co/QmCqwEyXqv,
https://t.co/SATuDPnKq3,
https://t.co/jCruIgrb2a,
https://t.co/exC5b8Ecgz,
https://t.co/1DgBkNet6M,
https://t.co/vxhJZw4LUB,
https://t.co/ZvLZFHp328,
https://t.co/AloZdYM2ha,
https://t.co/hc6nxXOf1g,
https://t.co/KMXsn0DyZg,
https://t.co/J1wyTDzkKF,
https://t.co/UaLAG6W2Sh,
https://t.co/NzMWWlJ4HG,
https://t.co/Up5PN49T1I,
https://t.co/zh5vc53aAJ,
https://t.co/WUXnoaLw6Y,
https://t.co/3qJtWrPhvD,
https://t.co/n9QBfefrat,
https://t.co/5IUunCBbiv,
https://t.co/dMpSI2CBSo,
https://t.co/48jKBjnB3m,
https://t.co/GkkU3CqanG,
https://t.co/bthUe3pUkg,
https://t.co/BKsNoZIyI1,
https://t.co/cb1IcMmThg,
https://t.co/MYJsnJlOnm,
https://t.co/fnpIUI4j9O,
https://t.co/89EgMlg1rs,
https://t.co/V5VfHLkOWk,
https://t.co/BsDRXkBzRz,
https://t.co/yO0aR4a29V,
https://t.co/x2IAWAeuaz,
https://t.co/LQPp9acKBh,
https://t.co/xSEEP6LuXK,
https://t.co/D8qvrZyClp,
https://t.co/Lej1lBPU6L,
https://t.co/y4IL0walgD,
https://t.co/GhLw51eHQr,
https://t.co/oB0aVJ1GRe,
https://t.co/XzdEH5xWnO,
https://t.co/YHKdoTi05g,
https://t.co/rzB6OK51q5,
https://t.co/CxNvSgt0lH,
https://t.co/5O1T0QbjCY,
https://t.co/hcUYOJBA4g,
https://t.co/bbgGebEfwy,
https://t.co/HWrSVv2Xe0,
https://t.co/WObvRKRTEt,
https://t.co/HJV1T4KcyS,
https://t.co/WgJFRMDwPm,
https://t.co/yqZKkG9zRr,
https://t.co/xtPToV0Pup,
https://t.co/1nGP3D2rX0,
https://t.co/f9g4VUDukE,
https://t.co/ODAfocP0bX,
https://t.co/HyMQMbtn7g,
https://t.co/P8qHA8TcYJ,
https://t.co/FD1Tqid113,
https://t.co/EvgR4cA9ep,
https://t.co/yoYRiCt8Wl,
https://t.co/uwALvFt0Aq,
https://t.co/crqLVtuwUh,
https://t.co/VFnTRaZM4E,
https://t.co/xLXAcLg7Sj,
https://t.co/HXRib0F8PJ,
https://t.co/wj5G5zNdg3,
https://t.co/euGF0ogZty,
https://t.co/ob6Jjq8Eii,
https://t.co/5TzglK5Zry,
https://t.co/dHtBd6s5zE,
https://t.co/rJlU6e712O,
https://t.co/SZ6mp6KRnL,
https://t.co/55bQYHYLbX,
https://t.co/8IN39jFDaw,
https://t.co/XCI0EaYGXk,
https://t.co/vynIjotoI7,
https://t.co/cr4kykfoqV,
https://t.co/T5jkTmxyf7,
https://t.co/qr9mJ0QtGw,
https://t.co/l9EOVMKYck,
https://t.co/TyVduewLmr,
https://t.co/W2BZHp3MRW,
https://t.co/DhiXjU239F,
https://t.co/Kcbvmg3e93,
https://t.co/LFBPd0Na1h,
https://t.co/DyyPmJttpH,
https://t.co/WhUaookcfJ,
https://t.co/Et3fUEg8hH,
https://t.co/O1dsMWeVIu,
https://t.co/sldcm8JtQZ,
https://t.co/DCfpF1OAZx,
https://t.co/nxMv6E1ky1,
https://t.co/47owTYqyTy,
https://t.co/nDSfL8rR4D,
https://t.co/FJRklaZGNp,
https://t.co/pH7kd0DtXM,
https://t.co/fPYPGFusxh,
https://t.co/voRjRHy2DO,
https://t.co/zUSSKCM2QH,
https://t.co/UCtHBxO9ns,
https://t.co/NKWFpgHNxh,
https://t.co/n0wAIJApHi,
https://t.co/5iIFLfHrMD,
https://t.co/x876sIeE2m,
https://t.co/1XKeVwtAVs,
https://t.co/6lHwBVghA2,
https://t.co/XUtZlZiH95,
https://t.co/1fiHInG1gd,
https://t.co/Gpf18G2Lsu,
https://t.co/6Bwpaf56w2,
https://t.co/9Lrq6nBtic,
https://t.co/oY6EH2uJXR,
https://t.co/RaO0QBL8g6,
https://t.co/59uG4pIFCT,
https://t.co/bnGwPQiSF6,
https://t.co/DYP1vryWje,
https://t.co/1WT0lRhwfB,
https://t.co/AQEgCpHRDO,
https://t.co/wJfnG71k1V,
https://t.co/g0bm2gb7ZC,
https://t.co/PiofdzjiEy,
https://t.co/itMOpFBWdA,
https://t.co/tCAVTwWDGN,
https://t.co/NUeun7V0Fr,
https://t.co/BvgFXAaUuT,
https://t.co/k9cVSKCUWb,
https://t.co/Y4E6744uax,
https://t.co/GhTsvadqNP,
https://t.co/4uaLmOiGIS,
https://t.co/biEXzszzKK,
https://t.co/GwuUDuBjbr,
https://t.co/vVZMco8Swl,
https://t.co/d7R2i9W1FC,
https://t.co/4wS5sDWWzq,
https://t.co/FQyUMESgpo,
https://t.co/je4xRtZAoM,
https://t.co/BdW0AlK7eV,
https://t.co/GJQrTopdbd,
https://t.co/SctjcW5JPp,
https://t.co/PBDb5TVnjf,
https://t.co/1C333352fj,
https://t.co/QZXqHJYLGj,
https://t.co/AHHdJLUGxN,
https://t.co/YqpHIyVrGQ,
https://t.co/hlowgm2uvG,
https://t.co/4GT6wwj0Dd,
https://t.co/LqjfoE29KG,
https://t.co/CTVkuZ1pwl,
https://t.co/x4nohE8MPU,
https://t.co/k222NDErqe,
https://t.co/lOPkdUNKZV,
https://t.co/Z6iQPneugJ,
https://t.co/yIKHjMigzl,
https://t.co/RqKZ0rugpL,
https://t.co/LYnxEQHtIO,
https://t.co/lSeWFTkCdZ,
https://t.co/n5V2upavCq,
https://t.co/Ki1Y9igYvv,
https://t.co/WGauZ1B3xr,
https://t.co/3DR5pgwIVQ,
https://t.co/TZRkQuYFAD,
https://t.co/Lop8UMTeSw,
https://t.co/HQC58i1PsZ,
https://t.co/BS7Jpbaw2m,
https://t.co/TfZy05YBww,
https://t.co/l4GnC2xLSU,
https://t.co/qEKQiwQ1g1,
https://t.co/7Esj8LymUP,
https://t.co/IbsRHGsWnW,
https://t.co/FmvNikl41r,
https://t.co/Pb9ZseVjZH,
https://t.co/ngL5oP9H5Z,
https://t.co/pkdZwkRM9n,
https://t.co/ee9pDgYcLg,
https://t.co/YAWH6R7tOt,
https://t.co/FxGHzbjlvy,
https://t.co/fhtPTUHu5R,
https://t.co/RD0CXzW2aX,
https://t.co/9vr4LqjwRk,
https://t.co/6wlCPB4SjA,
https://t.co/Q2yDg3z2yW,
https://t.co/B1yRLTQE4C,
https://t.co/QDaVGrv5jz,
https://t.co/f8FEXJIEF4,
https://t.co/3BA4b5475i,
https://t.co/NViad6TOEz,
https://t.co/yqwSBFyOEW,
https://t.co/Taul9L0u1f,
https://t.co/uENR7TkrA5,
https://t.co/s7ZE4TIEpp,
https://t.co/64Wg20Qk70,
https://t.co/ikdElPiO7K,
https://t.co/oyjxdGLmdF,
https://t.co/dWstWmBzs6,
https://t.co/Bl8LuTXJU6,
https://t.co/RwTEGl2VWt,
https://t.co/EYl3MLxHSO,
https://t.co/3cprRvuTEg,
https://t.co/6DDkl89nFF,
https://t.co/bDDySmXRJu,
https://t.co/YTsrbKyVMN,
https://t.co/xzfhjtzfJK,
https://t.co/XIB6nvXDCV,
https://t.co/DIG4JgrXBC,
https://t.co/HW89rezAbX,
https://t.co/MIok9ur2YF,
https://t.co/1188ofSW74,
https://t.co/RhVwHUnmx2,
https://t.co/CODAYChOiZ,
https://t.co/Wi27Olsi5V,
https://t.co/dOh9agLkMy,
https://t.co/f0MTjj4GtZ,
https://t.co/K9T0xIWRUm,
https://t.co/D9LoZAtw1R,
https://t.co/kJ2uOs5xGL,
https://t.co/VC4ZU0kZyx,
https://t.co/44Cy4Hflsa,
https://t.co/6hXHmXrHxY,
https://t.co/rtg77iHCPM,
https://t.co/7y8bvfErVR,
https://t.co/72LnCVp1L3,
https://t.co/A3hG6dMNgT,
https://t.co/UOMfuL4rXK,
https://t.co/Tw7YSVa8Ud,
https://t.co/HAJ2LwqAW5,
https://t.co/SIXGYuorbC,
https://t.co/w4jBDTzGGR,
https://t.co/WhvF5fkwox,
https://t.co/GOTVBhNktR,
https://t.co/AH3UyV4GbD,
https://t.co/rrcnIH1IhR,
https://t.co/rUF9J0xZKu,
https://t.co/HoiYEftf6Q,
https://t.co/M8pEgQ4PYp,
https://t.co/UX35WaRDBN,
https://t.co/OTooWeamC3,
https://t.co/xpb33Vkyiy,
https://t.co/2yH2XXFuzR,
https://t.co/FCnXdbH2sj,
https://t.co/T5SMwYzUHV,
https://t.co/jc88za7E1y,
https://t.co/LgWdCLaQVj,
https://t.co/SnBgDHsGGE,
https://t.co/QM27bQMCcn,
https://t.co/XpSscExWrL,
https://t.co/Rytpj143bX,
https://t.co/rHgpST8sW4,
https://t.co/rQTSsNoaVZ,
https://t.co/s6sFCqP0nm,
https://t.co/cMFHe5Ix1r,
https://t.co/3YRhNYIwth,
https://t.co/75pNub56cG,
https://t.co/A4lKst1GLk,
https://t.co/KpNQCvRvWx,
https://t.co/fKVAwboR7U,
https://t.co/EAog2i1WWd,
https://t.co/5rSbGFEQVL,
https://t.co/NBYE3enqmZ,
https://t.co/Ausb0Jfw7d,
https://t.co/I4RM5kWviw,
https://t.co/GKUbPypTH6,
https://t.co/wuIKbjhMHh,
https://t.co/02hzihVavh,
https://t.co/tiCzfMoLDP,
https://t.co/4GNi79DNAu,
https://t.co/iKcJTjdvQB,
https://t.co/zFho4b9aWS,
https://t.co/Ep8vu4mN2y,
https://t.co/WkFsz1C9ji,
https://t.co/CpQvSL4PJo,
https://t.co/kaswwf6qcP,
https://t.co/6wlCDAb3eN,
https://t.co/2SVZwzaeGC,
https://t.co/cEgyUV0DjQ,
https://t.co/kfSc9qxXzr,
https://t.co/B9SCIq2P3W,
https://t.co/VwMH86yrBw,
https://t.co/XzcgNmNUHC,
https://t.co/pVbfMdbrsU,
https://t.co/qHeeCdcZRx,
https://t.co/wnPxKdn40t,
https://t.co/MbsG3FrCYw,
https://t.co/45mRcKeyn0,
https://t.co/RK5HAwMwqK,
https://t.co/y9WJ4bZRMn,
https://t.co/6vyJNIVsvK,
https://t.co/wl9gHNIFPo,
https://t.co/d4jocrgMow,
https://t.co/3bI7j2U7eO,
https://t.co/fhELmlXKYl,
https://t.co/fAgW41aDes,
https://t.co/LFP3pHoWz1,
https://t.co/9t47WeZS3X,
https://t.co/7MGM39Vqw6,
https://t.co/AFVHfFXWKY,
https://t.co/moQoflQSWo,
https://t.co/onoiaKoR0I,
https://t.co/0qqUoTM6Gw,
https://t.co/Zu148Mx7Y1,
https://t.co/b0Vk8eNsWj,
https://t.co/0P32htkIOg,
https://t.co/dcCDiEB20H,
https://t.co/bU4lGsb6Cl,
https://t.co/yHBTiYaJwQ,
https://t.co/ru74ONCoCt,
https://t.co/yIf9dPlN5h,
https://t.co/tOxSAqFR7y,
https://t.co/3N6ULLPSuE,
https://t.co/qNPyeLgkTS,
https://t.co/hdvH4a26km,
https://t.co/s78M2Rbuha,
https://t.co/kAh3lV9hwK,
https://t.co/OOgATGGECi,
https://t.co/jY1CDuqAJ9,
https://t.co/WSUJoRfQQ5,
https://t.co/zsyWzu6JRE,
https://t.co/xpt6W9MrVq,
https://t.co/SgaqQrQkbg,
https://t.co/adW8rvSwCD,
